--
-- PostgreSQL database dump
--

-- Dumped from database version 14.5 (Ubuntu 14.5-0ubuntu0.22.04.1)
-- Dumped by pg_dump version 14.5 (Ubuntu 14.5-0ubuntu0.22.04.1)

SET statement_timeout = 0;
SET lock_timeout = 0;
SET idle_in_transaction_session_timeout = 0;
SET client_encoding = 'UTF8';
SET standard_conforming_strings = on;
SELECT pg_catalog.set_config('search_path', '', false);
SET check_function_bodies = false;
SET xmloption = content;
SET client_min_messages = warning;
SET row_security = off;

SET default_tablespace = '';

SET default_table_access_method = heap;

--
-- Name: auth_group; Type: TABLE; Schema: public; Owner: priceuser
--

CREATE TABLE public.auth_group (
    id integer NOT NULL,
    name character varying(150) NOT NULL
);


ALTER TABLE public.auth_group OWNER TO priceuser;

--
-- Name: auth_group_id_seq; Type: SEQUENCE; Schema: public; Owner: priceuser
--

ALTER TABLE public.auth_group ALTER COLUMN id ADD GENERATED BY DEFAULT AS IDENTITY (
    SEQUENCE NAME public.auth_group_id_seq
    START WITH 1
    INCREMENT BY 1
    NO MINVALUE
    NO MAXVALUE
    CACHE 1
);


--
-- Name: auth_group_permissions; Type: TABLE; Schema: public; Owner: priceuser
--

CREATE TABLE public.auth_group_permissions (
    id bigint NOT NULL,
    group_id integer NOT NULL,
    permission_id integer NOT NULL
);


ALTER TABLE public.auth_group_permissions OWNER TO priceuser;

--
-- Name: auth_group_permissions_id_seq; Type: SEQUENCE; Schema: public; Owner: priceuser
--

ALTER TABLE public.auth_group_permissions ALTER COLUMN id ADD GENERATED BY DEFAULT AS IDENTITY (
    SEQUENCE NAME public.auth_group_permissions_id_seq
    START WITH 1
    INCREMENT BY 1
    NO MINVALUE
    NO MAXVALUE
    CACHE 1
);


--
-- Name: auth_permission; Type: TABLE; Schema: public; Owner: priceuser
--

CREATE TABLE public.auth_permission (
    id integer NOT NULL,
    name character varying(255) NOT NULL,
    content_type_id integer NOT NULL,
    codename character varying(100) NOT NULL
);


ALTER TABLE public.auth_permission OWNER TO priceuser;

--
-- Name: auth_permission_id_seq; Type: SEQUENCE; Schema: public; Owner: priceuser
--

ALTER TABLE public.auth_permission ALTER COLUMN id ADD GENERATED BY DEFAULT AS IDENTITY (
    SEQUENCE NAME public.auth_permission_id_seq
    START WITH 1
    INCREMENT BY 1
    NO MINVALUE
    NO MAXVALUE
    CACHE 1
);


--
-- Name: django_admin_log; Type: TABLE; Schema: public; Owner: priceuser
--

CREATE TABLE public.django_admin_log (
    id integer NOT NULL,
    action_time timestamp with time zone NOT NULL,
    object_id text,
    object_repr character varying(200) NOT NULL,
    action_flag smallint NOT NULL,
    change_message text NOT NULL,
    content_type_id integer,
    user_id bigint NOT NULL,
    CONSTRAINT django_admin_log_action_flag_check CHECK ((action_flag >= 0))
);


ALTER TABLE public.django_admin_log OWNER TO priceuser;

--
-- Name: django_admin_log_id_seq; Type: SEQUENCE; Schema: public; Owner: priceuser
--

ALTER TABLE public.django_admin_log ALTER COLUMN id ADD GENERATED BY DEFAULT AS IDENTITY (
    SEQUENCE NAME public.django_admin_log_id_seq
    START WITH 1
    INCREMENT BY 1
    NO MINVALUE
    NO MAXVALUE
    CACHE 1
);


--
-- Name: django_content_type; Type: TABLE; Schema: public; Owner: priceuser
--

CREATE TABLE public.django_content_type (
    id integer NOT NULL,
    app_label character varying(100) NOT NULL,
    model character varying(100) NOT NULL
);


ALTER TABLE public.django_content_type OWNER TO priceuser;

--
-- Name: django_content_type_id_seq; Type: SEQUENCE; Schema: public; Owner: priceuser
--

ALTER TABLE public.django_content_type ALTER COLUMN id ADD GENERATED BY DEFAULT AS IDENTITY (
    SEQUENCE NAME public.django_content_type_id_seq
    START WITH 1
    INCREMENT BY 1
    NO MINVALUE
    NO MAXVALUE
    CACHE 1
);


--
-- Name: django_migrations; Type: TABLE; Schema: public; Owner: priceuser
--

CREATE TABLE public.django_migrations (
    id bigint NOT NULL,
    app character varying(255) NOT NULL,
    name character varying(255) NOT NULL,
    applied timestamp with time zone NOT NULL
);


ALTER TABLE public.django_migrations OWNER TO priceuser;

--
-- Name: django_migrations_id_seq; Type: SEQUENCE; Schema: public; Owner: priceuser
--

ALTER TABLE public.django_migrations ALTER COLUMN id ADD GENERATED BY DEFAULT AS IDENTITY (
    SEQUENCE NAME public.django_migrations_id_seq
    START WITH 1
    INCREMENT BY 1
    NO MINVALUE
    NO MAXVALUE
    CACHE 1
);


--
-- Name: django_session; Type: TABLE; Schema: public; Owner: priceuser
--

CREATE TABLE public.django_session (
    session_key character varying(40) NOT NULL,
    session_data text NOT NULL,
    expire_date timestamp with time zone NOT NULL
);


ALTER TABLE public.django_session OWNER TO priceuser;

--
-- Name: main_setting; Type: TABLE; Schema: public; Owner: priceuser
--

CREATE TABLE public.main_setting (
    id bigint NOT NULL,
    token character varying(100) NOT NULL,
    tag character varying(100) NOT NULL,
    copyright character varying(100) NOT NULL
);


ALTER TABLE public.main_setting OWNER TO priceuser;

--
-- Name: main_setting_id_seq; Type: SEQUENCE; Schema: public; Owner: priceuser
--

ALTER TABLE public.main_setting ALTER COLUMN id ADD GENERATED BY DEFAULT AS IDENTITY (
    SEQUENCE NAME public.main_setting_id_seq
    START WITH 1
    INCREMENT BY 1
    NO MINVALUE
    NO MAXVALUE
    CACHE 1
);


--
-- Name: user_subscription; Type: TABLE; Schema: public; Owner: priceuser
--

CREATE TABLE public.user_subscription (
    id bigint NOT NULL,
    title character varying(100) NOT NULL,
    period integer NOT NULL,
    price integer NOT NULL
);


ALTER TABLE public.user_subscription OWNER TO priceuser;

--
-- Name: user_subscription_id_seq; Type: SEQUENCE; Schema: public; Owner: priceuser
--

ALTER TABLE public.user_subscription ALTER COLUMN id ADD GENERATED BY DEFAULT AS IDENTITY (
    SEQUENCE NAME public.user_subscription_id_seq
    START WITH 1
    INCREMENT BY 1
    NO MINVALUE
    NO MAXVALUE
    CACHE 1
);


--
-- Name: user_user; Type: TABLE; Schema: public; Owner: priceuser
--

CREATE TABLE public.user_user (
    id bigint NOT NULL,
    password character varying(128) NOT NULL,
    last_login timestamp with time zone,
    is_superuser boolean NOT NULL,
    username character varying(150) NOT NULL,
    first_name character varying(150) NOT NULL,
    last_name character varying(150) NOT NULL,
    email character varying(254) NOT NULL,
    is_staff boolean NOT NULL,
    is_active boolean NOT NULL,
    date_joined timestamp with time zone NOT NULL,
    telegram_id character varying(100) NOT NULL,
    active boolean NOT NULL,
    active_date timestamp with time zone NOT NULL,
    pricelist character varying(100) NOT NULL,
    kaspi_login character varying(100) NOT NULL,
    kaspi_password character varying(100) NOT NULL,
    pricelist_xml character varying(100) NOT NULL,
    kaspi_company character varying(100) NOT NULL,
    kaspi_merchant_id character varying(100) NOT NULL,
    pricelist_xlsx character varying(100) NOT NULL,
    skip_merchant_id character varying(255) NOT NULL
);


ALTER TABLE public.user_user OWNER TO priceuser;

--
-- Name: user_user_groups; Type: TABLE; Schema: public; Owner: priceuser
--

CREATE TABLE public.user_user_groups (
    id bigint NOT NULL,
    user_id bigint NOT NULL,
    group_id integer NOT NULL
);


ALTER TABLE public.user_user_groups OWNER TO priceuser;

--
-- Name: user_user_groups_id_seq; Type: SEQUENCE; Schema: public; Owner: priceuser
--

ALTER TABLE public.user_user_groups ALTER COLUMN id ADD GENERATED BY DEFAULT AS IDENTITY (
    SEQUENCE NAME public.user_user_groups_id_seq
    START WITH 1
    INCREMENT BY 1
    NO MINVALUE
    NO MAXVALUE
    CACHE 1
);


--
-- Name: user_user_id_seq; Type: SEQUENCE; Schema: public; Owner: priceuser
--

ALTER TABLE public.user_user ALTER COLUMN id ADD GENERATED BY DEFAULT AS IDENTITY (
    SEQUENCE NAME public.user_user_id_seq
    START WITH 1
    INCREMENT BY 1
    NO MINVALUE
    NO MAXVALUE
    CACHE 1
);


--
-- Name: user_user_user_permissions; Type: TABLE; Schema: public; Owner: priceuser
--

CREATE TABLE public.user_user_user_permissions (
    id bigint NOT NULL,
    user_id bigint NOT NULL,
    permission_id integer NOT NULL
);


ALTER TABLE public.user_user_user_permissions OWNER TO priceuser;

--
-- Name: user_user_user_permissions_id_seq; Type: SEQUENCE; Schema: public; Owner: priceuser
--

ALTER TABLE public.user_user_user_permissions ALTER COLUMN id ADD GENERATED BY DEFAULT AS IDENTITY (
    SEQUENCE NAME public.user_user_user_permissions_id_seq
    START WITH 1
    INCREMENT BY 1
    NO MINVALUE
    NO MAXVALUE
    CACHE 1
);


--
-- Data for Name: auth_group; Type: TABLE DATA; Schema: public; Owner: priceuser
--

COPY public.auth_group (id, name) FROM stdin;
\.


--
-- Data for Name: auth_group_permissions; Type: TABLE DATA; Schema: public; Owner: priceuser
--

COPY public.auth_group_permissions (id, group_id, permission_id) FROM stdin;
\.


--
-- Data for Name: auth_permission; Type: TABLE DATA; Schema: public; Owner: priceuser
--

COPY public.auth_permission (id, name, content_type_id, codename) FROM stdin;
1	Can add log entry	1	add_logentry
2	Can change log entry	1	change_logentry
3	Can delete log entry	1	delete_logentry
4	Can view log entry	1	view_logentry
5	Can add permission	2	add_permission
6	Can change permission	2	change_permission
7	Can delete permission	2	delete_permission
8	Can view permission	2	view_permission
9	Can add group	3	add_group
10	Can change group	3	change_group
11	Can delete group	3	delete_group
12	Can view group	3	view_group
13	Can add content type	4	add_contenttype
14	Can change content type	4	change_contenttype
15	Can delete content type	4	delete_contenttype
16	Can view content type	4	view_contenttype
17	Can add session	5	add_session
18	Can change session	5	change_session
19	Can delete session	5	delete_session
20	Can view session	5	view_session
21	Can add setting	6	add_setting
22	Can change setting	6	change_setting
23	Can delete setting	6	delete_setting
24	Can view setting	6	view_setting
25	Can add user	7	add_user
26	Can change user	7	change_user
27	Can delete user	7	delete_user
28	Can view user	7	view_user
29	Can add Подписка	8	add_subscription
30	Can change Подписка	8	change_subscription
31	Can delete Подписка	8	delete_subscription
32	Can view Подписка	8	view_subscription
\.


--
-- Data for Name: django_admin_log; Type: TABLE DATA; Schema: public; Owner: priceuser
--

COPY public.django_admin_log (id, action_time, object_id, object_repr, action_flag, change_message, content_type_id, user_id) FROM stdin;
14	2022-10-17 17:38:45.74819+00	40	vyacheslav@egorov.com.kz	2	[{"changed": {"fields": ["\\u041f\\u0440\\u0430\\u0439\\u0441\\u043b\\u0438\\u0442", "\\u041f\\u0440\\u0430\\u0439\\u0441\\u043b\\u0438\\u0442 XLSX"]}}]	7	26
15	2022-10-18 04:27:40.033736+00	40	vyacheslav@egorov.com.kz	2	[{"changed": {"fields": ["\\u041f\\u0440\\u0430\\u0439\\u0441\\u043b\\u0438\\u0442 XML"]}}]	7	26
16	2022-10-18 07:00:19.224284+00	40	vyacheslav@egorov.com.kz	2	[]	7	26
17	2022-10-18 09:02:12.233563+00	40	vyacheslav@egorov.com.kz	2	[{"changed": {"fields": ["Last login", "\\u041f\\u0440\\u0430\\u0439\\u0441\\u043b\\u0438\\u0442 XML"]}}]	7	26
18	2022-10-18 09:02:28.38377+00	40	vyacheslav@egorov.com.kz	2	[]	7	26
19	2022-10-18 09:03:39.977986+00	40	vyacheslav@egorov.com.kz	2	[{"changed": {"fields": ["Last login"]}}]	7	26
20	2022-10-18 14:09:56.57715+00	43	aesdockz@gmail.com	2	[]	7	26
21	2022-10-18 15:42:02.559896+00	41	roudzh@list.ru	2	[{"changed": {"fields": ["\\u041f\\u0440\\u0430\\u0439\\u0441\\u043b\\u0438\\u0442"]}}]	7	26
22	2022-10-18 15:42:18.814447+00	41	roudzh@list.ru	2	[]	7	26
23	2022-10-18 15:45:46.35043+00	41	roudzh@list.ru	2	[]	7	26
24	2022-10-18 15:51:11.672211+00	41	roudzh@list.ru	2	[]	7	26
25	2022-10-18 15:58:09.313711+00	41	roudzh@list.ru	2	[{"changed": {"fields": ["\\u041f\\u0440\\u0430\\u0439\\u0441\\u043b\\u0438\\u0442", "\\u041f\\u0440\\u0430\\u0439\\u0441\\u043b\\u0438\\u0442 XLSX"]}}]	7	26
26	2022-10-18 15:58:19.579446+00	41	roudzh@list.ru	2	[{"changed": {"fields": ["\\u041f\\u0440\\u0430\\u0439\\u0441\\u043b\\u0438\\u0442"]}}]	7	26
27	2022-10-18 15:58:22.804902+00	41	roudzh@list.ru	2	[]	7	26
28	2022-10-18 16:01:46.897191+00	41	roudzh@list.ru	2	[]	7	26
29	2022-10-18 18:31:21.464959+00	13	aknurassanbeova@gmail.com	3		7	26
30	2022-10-18 19:10:58.518097+00	34	almaz.zhenisbek@mail.ru	2	[{"changed": {"fields": ["Active"]}}]	7	26
31	2022-10-18 19:10:58.699553+00	34	almaz.zhenisbek@mail.ru	2	[{"changed": {"fields": ["Active"]}}]	7	26
32	2022-10-18 19:10:58.908438+00	34	almaz.zhenisbek@mail.ru	2	[{"changed": {"fields": ["Active"]}}]	7	26
33	2022-10-18 19:12:21.625447+00	38	Mishel.mac@bk.ru	3		7	26
34	2022-10-18 19:16:30.210587+00	36	jv97@bk.ru	3		7	26
35	2022-10-19 04:09:21.738084+00	39	dinara.abdrakhmanova00@gmail.com	2	[{"changed": {"fields": ["\\u041f\\u0440\\u0430\\u0439\\u0441\\u043b\\u0438\\u0442"]}}]	7	26
36	2022-10-19 04:21:41.02321+00	39	dinara.abdrakhmanova00@gmail.com	2	[{"changed": {"fields": ["\\u041f\\u0440\\u0430\\u0439\\u0441\\u043b\\u0438\\u0442"]}}]	7	26
37	2022-10-19 04:24:54.029739+00	39	dinara.abdrakhmanova00@gmail.com	2	[{"changed": {"fields": ["\\u041f\\u0440\\u0430\\u0439\\u0441\\u043b\\u0438\\u0442 XML"]}}]	7	26
38	2022-10-19 04:25:23.966276+00	39	dinara.abdrakhmanova00@gmail.com	2	[]	7	26
39	2022-10-19 04:25:46.353545+00	39	dinara.abdrakhmanova00@gmail.com	2	[{"changed": {"fields": ["\\u041f\\u0440\\u0430\\u0439\\u0441\\u043b\\u0438\\u0442 XML"]}}]	7	26
40	2022-10-19 04:56:40.204004+00	39	dinara.abdrakhmanova00@gmail.com	3		7	26
41	2022-10-19 08:26:25.704936+00	43	aesdockz@gmail.com	2	[{"changed": {"fields": ["\\u041a\\u043e\\u043c\\u043f\\u0430\\u043d\\u0438\\u044f Kaspi", "Merchant ID Kaspi"]}}]	7	26
42	2022-10-19 08:27:22.449552+00	45	dinara.abdrakhmanova00@gmail.com	2	[{"changed": {"fields": ["Telegram Id"]}}]	7	26
43	2022-10-19 09:25:29.587352+00	41	roudzh@list.ru	2	[]	7	26
44	2022-10-19 11:58:55.182423+00	46	kusainov.samat@bk.ru	2	[{"changed": {"fields": ["\\u041f\\u0440\\u0430\\u0439\\u0441\\u043b\\u0438\\u0442"]}}]	7	26
45	2022-10-19 14:38:07.066835+00	41	roudzh@list.ru	2	[{"changed": {"fields": ["\\u041f\\u0440\\u0430\\u0439\\u0441\\u043b\\u0438\\u0442"]}}]	7	26
46	2022-10-19 14:38:21.910492+00	41	roudzh@list.ru	2	[{"changed": {"fields": ["\\u041f\\u0440\\u0430\\u0439\\u0441\\u043b\\u0438\\u0442"]}}]	7	26
47	2022-10-19 16:59:58.302956+00	45	dinara.abdrakhmanova00@gmail.com	2	[{"changed": {"fields": ["\\u041f\\u0440\\u0430\\u0439\\u0441\\u043b\\u0438\\u0442", "\\u041f\\u0440\\u0430\\u0439\\u0441\\u043b\\u0438\\u0442 XLSX", "\\u041f\\u0440\\u0430\\u0439\\u0441\\u043b\\u0438\\u0442 XML"]}}]	7	26
48	2022-10-19 17:00:39.980658+00	45	dinara.abdrakhmanova00@gmail.com	2	[{"changed": {"fields": ["\\u041f\\u0440\\u0430\\u0439\\u0441\\u043b\\u0438\\u0442"]}}]	7	26
49	2022-10-19 17:37:04.618144+00	41	roudzh@list.ru	2	[{"changed": {"fields": ["\\u041f\\u0440\\u0430\\u0439\\u0441\\u043b\\u0438\\u0442", "\\u041f\\u0440\\u0430\\u0439\\u0441\\u043b\\u0438\\u0442 XLSX", "\\u041f\\u0440\\u0430\\u0439\\u0441\\u043b\\u0438\\u0442 XML"]}}]	7	26
50	2022-10-19 17:37:16.995161+00	41	roudzh@list.ru	2	[{"changed": {"fields": ["\\u041f\\u0440\\u0430\\u0439\\u0441\\u043b\\u0438\\u0442"]}}]	7	26
51	2022-10-20 09:41:08.16226+00	45	dinara.abdrakhmanova00@gmail.com	2	[{"changed": {"fields": ["\\u041f\\u0440\\u0430\\u0439\\u0441\\u043b\\u0438\\u0442", "\\u041f\\u0440\\u0430\\u0439\\u0441\\u043b\\u0438\\u0442 XLSX", "\\u041f\\u0440\\u0430\\u0439\\u0441\\u043b\\u0438\\u0442 XML"]}}]	7	26
52	2022-10-20 09:55:35.321894+00	45	dinara.abdrakhmanova00@gmail.com	2	[{"changed": {"fields": ["\\u041f\\u0440\\u0430\\u0439\\u0441\\u043b\\u0438\\u0442", "\\u041f\\u0440\\u043e\\u043f\\u0443\\u0441\\u043a ID \\u043a\\u043e\\u043c\\u043f\\u0430\\u043d\\u0438\\u0439"]}}]	7	26
53	2022-10-20 10:09:36.722927+00	41	roudzh@list.ru	3		7	26
54	2022-10-20 11:43:10.834786+00	48	roudzh@list.ru	2	[{"changed": {"fields": ["\\u041f\\u0440\\u0430\\u0439\\u0441\\u043b\\u0438\\u0442", "\\u041f\\u0440\\u043e\\u043f\\u0443\\u0441\\u043a ID \\u043a\\u043e\\u043c\\u043f\\u0430\\u043d\\u0438\\u0439"]}}]	7	26
55	2022-10-20 11:43:39.249789+00	48	roudzh@list.ru	2	[{"changed": {"fields": ["\\u041f\\u0440\\u043e\\u043f\\u0443\\u0441\\u043a ID \\u043a\\u043e\\u043c\\u043f\\u0430\\u043d\\u0438\\u0439"]}}]	7	26
56	2022-10-20 12:52:52.471407+00	45	dinara.abdrakhmanova00@gmail.com	2	[{"changed": {"fields": ["\\u041f\\u0440\\u0430\\u0439\\u0441\\u043b\\u0438\\u0442"]}}]	7	26
57	2022-10-21 08:16:02.606699+00	45	dinara.abdrakhmanova00@gmail.com	2	[{"changed": {"fields": ["\\u041f\\u0440\\u0430\\u0439\\u0441\\u043b\\u0438\\u0442 XLSX", "\\u041f\\u0440\\u0430\\u0439\\u0441\\u043b\\u0438\\u0442 XML"]}}]	7	26
58	2022-10-21 08:17:01.71492+00	45	dinara.abdrakhmanova00@gmail.com	3		7	26
59	2022-10-21 08:36:33.068503+00	48	roudzh@list.ru	3		7	26
60	2022-10-21 15:08:56.447138+00	26	admin@admin.com	2	[{"changed": {"fields": ["\\u041f\\u0440\\u0430\\u0439\\u0441\\u043b\\u0438\\u0442", "\\u041f\\u0440\\u0430\\u0439\\u0441\\u043b\\u0438\\u0442 XLSX"]}}]	7	26
61	2022-10-21 15:09:03.125563+00	26	admin@admin.com	2	[]	7	26
62	2022-10-21 15:09:35.95712+00	26	admin@admin.com	2	[{"changed": {"fields": ["\\u041f\\u0440\\u0430\\u0439\\u0441\\u043b\\u0438\\u0442"]}}]	7	26
63	2022-10-21 15:22:40.545463+00	26	admin@admin.com	2	[]	7	26
64	2022-10-21 15:23:08.00143+00	26	admin@admin.com	2	[{"changed": {"fields": ["\\u041f\\u0440\\u0430\\u0439\\u0441\\u043b\\u0438\\u0442", "\\u041f\\u0440\\u0430\\u0439\\u0441\\u043b\\u0438\\u0442 XLSX"]}}]	7	26
123	2022-11-11 16:17:28.407209+00	60	nurbol_15@mail.ru	2	[]	7	26
124	2022-11-12 13:04:44.318877+00	60	nurbol_15@mail.ru	2	[{"changed": {"fields": ["\\u041f\\u0440\\u0430\\u0439\\u0441\\u043b\\u0438\\u0442"]}}]	7	26
125	2022-11-12 13:04:54.947888+00	60	nurbol_15@mail.ru	2	[]	7	26
65	2022-10-22 10:55:02.026654+00	26	admin@admin.com	2	[{"changed": {"fields": ["Telegram Id", "\\u041f\\u0440\\u0430\\u0439\\u0441\\u043b\\u0438\\u0442", "\\u041f\\u0440\\u0430\\u0439\\u0441\\u043b\\u0438\\u0442 XLSX", "\\u041f\\u0440\\u0430\\u0439\\u0441\\u043b\\u0438\\u0442 XML", "\\u041f\\u0430\\u0440\\u043e\\u043b\\u044c Kaspi", "\\u041a\\u043e\\u043c\\u043f\\u0430\\u043d\\u0438\\u044f Kaspi", "Merchant ID Kaspi"]}}]	7	26
66	2022-10-22 10:55:06.08233+00	26	admin@admin.com	2	[]	7	26
67	2022-11-02 06:29:25.178679+00	60	nurbol_15@mail.ru	2	[{"changed": {"fields": ["\\u041f\\u0440\\u0430\\u0439\\u0441\\u043b\\u0438\\u0442"]}}]	7	26
68	2022-11-02 06:32:04.096792+00	57	alexander.ncp@icloud.com	2	[{"changed": {"fields": ["\\u041f\\u0440\\u0430\\u0439\\u0441\\u043b\\u0438\\u0442"]}}]	7	26
69	2022-11-02 06:32:09.589053+00	57	alexander.ncp@icloud.com	2	[]	7	26
70	2022-11-02 18:04:51.054321+00	64	S_gauhar_s@mail.ru	2	[]	7	26
71	2022-11-02 20:08:10.923371+00	60	nurbol_15@mail.ru	2	[{"changed": {"fields": ["\\u0410\\u043a\\u0442\\u0438\\u0432\\u043d\\u044b\\u0439"]}}]	7	26
72	2022-11-03 08:09:04.712883+00	64	S_gauhar_s@mail.ru	2	[{"changed": {"fields": ["\\u041f\\u0440\\u0430\\u0439\\u0441\\u043b\\u0438\\u0442"]}}]	7	26
73	2022-11-03 08:09:08.002023+00	64	S_gauhar_s@mail.ru	2	[]	7	26
74	2022-11-03 10:34:09.151502+00	58	kilometr.8484@mail.ru	2	[{"changed": {"fields": ["\\u041f\\u0440\\u0430\\u0439\\u0441\\u043b\\u0438\\u0442"]}}]	7	26
75	2022-11-03 10:34:15.964124+00	58	kilometr.8484@mail.ru	2	[]	7	26
76	2022-11-03 10:37:50.79746+00	58	kilometr.8484@mail.ru	2	[{"changed": {"fields": ["\\u041f\\u0440\\u0430\\u0439\\u0441\\u043b\\u0438\\u0442"]}}]	7	26
77	2022-11-03 10:37:55.911177+00	58	kilometr.8484@mail.ru	2	[]	7	26
78	2022-11-03 10:39:06.810206+00	58	kilometr.8484@mail.ru	2	[{"changed": {"fields": ["\\u041f\\u0440\\u0430\\u0439\\u0441\\u043b\\u0438\\u0442"]}}]	7	26
79	2022-11-03 10:39:40.738193+00	58	kilometr.8484@mail.ru	2	[]	7	26
80	2022-11-03 10:40:54.733456+00	58	kilometr.8484@mail.ru	2	[{"changed": {"fields": ["\\u041f\\u0440\\u0430\\u0439\\u0441\\u043b\\u0438\\u0442"]}}]	7	26
81	2022-11-03 10:40:57.873751+00	58	kilometr.8484@mail.ru	2	[]	7	26
82	2022-11-03 10:42:49.522857+00	58	kilometr.8484@mail.ru	2	[{"changed": {"fields": ["\\u041f\\u0440\\u0430\\u0439\\u0441\\u043b\\u0438\\u0442"]}}]	7	26
83	2022-11-03 10:42:52.692206+00	58	kilometr.8484@mail.ru	2	[]	7	26
84	2022-11-03 10:44:52.774657+00	58	kilometr.8484@mail.ru	2	[{"changed": {"fields": ["\\u041f\\u0440\\u0430\\u0439\\u0441\\u043b\\u0438\\u0442"]}}]	7	26
85	2022-11-03 15:55:39.568288+00	60	nurbol_15@mail.ru	2	[{"changed": {"fields": ["\\u041f\\u0440\\u0430\\u0439\\u0441\\u043b\\u0438\\u0442"]}}]	7	26
86	2022-11-03 15:55:42.381188+00	60	nurbol_15@mail.ru	2	[]	7	26
87	2022-11-03 15:56:50.341923+00	60	nurbol_15@mail.ru	2	[{"changed": {"fields": ["\\u041f\\u0440\\u0430\\u0439\\u0441\\u043b\\u0438\\u0442"]}}]	7	26
88	2022-11-03 15:56:53.243561+00	60	nurbol_15@mail.ru	2	[]	7	26
89	2022-11-03 17:07:27.532079+00	58	kilometr.8484@mail.ru	2	[{"changed": {"fields": ["\\u041f\\u0440\\u0430\\u0439\\u0441\\u043b\\u0438\\u0442"]}}]	7	26
90	2022-11-03 17:07:41.66823+00	58	kilometr.8484@mail.ru	2	[]	7	26
91	2022-11-03 17:09:33.32621+00	58	kilometr.8484@mail.ru	2	[{"changed": {"fields": ["\\u041f\\u0440\\u0430\\u0439\\u0441\\u043b\\u0438\\u0442"]}}]	7	26
92	2022-11-03 17:28:23.771252+00	60	nurbol_15@mail.ru	2	[{"changed": {"fields": ["\\u041f\\u0440\\u0430\\u0439\\u0441\\u043b\\u0438\\u0442"]}}]	7	26
93	2022-11-03 17:34:20.918222+00	60	nurbol_15@mail.ru	2	[{"changed": {"fields": ["\\u041f\\u0440\\u0430\\u0439\\u0441\\u043b\\u0438\\u0442"]}}]	7	26
94	2022-11-03 17:34:24.184442+00	60	nurbol_15@mail.ru	2	[]	7	26
95	2022-11-04 04:44:46.382368+00	58	kilometr.8484@mail.ru	2	[{"changed": {"fields": ["\\u041f\\u0440\\u0430\\u0439\\u0441\\u043b\\u0438\\u0442"]}}]	7	26
96	2022-11-04 13:27:26.870866+00	64	S_gauhar_s@mail.ru	2	[{"changed": {"fields": ["\\u041f\\u0440\\u0430\\u0439\\u0441\\u043b\\u0438\\u0442"]}}]	7	26
97	2022-11-04 13:27:31.010606+00	64	S_gauhar_s@mail.ru	2	[]	7	26
98	2022-11-04 16:18:55.722019+00	58	kilometr.8484@mail.ru	2	[{"changed": {"fields": ["\\u041f\\u0440\\u0430\\u0439\\u0441\\u043b\\u0438\\u0442"]}}]	7	26
99	2022-11-04 16:19:01.592807+00	58	kilometr.8484@mail.ru	2	[]	7	26
100	2022-11-04 17:39:23.204952+00	60	nurbol_15@mail.ru	2	[{"changed": {"fields": ["\\u041f\\u0440\\u0430\\u0439\\u0441\\u043b\\u0438\\u0442"]}}]	7	26
101	2022-11-04 17:39:26.872927+00	60	nurbol_15@mail.ru	2	[]	7	26
102	2022-11-06 09:15:01.471519+00	64	S_gauhar_s@mail.ru	2	[{"changed": {"fields": ["\\u041f\\u0440\\u0430\\u0439\\u0441\\u043b\\u0438\\u0442", "\\u0410\\u043a\\u0442\\u0438\\u0432\\u043d\\u044b\\u0439"]}}]	7	26
103	2022-11-06 09:15:04.665915+00	64	S_gauhar_s@mail.ru	2	[]	7	26
104	2022-11-07 13:31:47.191774+00	64	S_gauhar_s@mail.ru	3		7	26
105	2022-11-08 16:38:02.804594+00	26	admin@admin.com	2	[{"changed": {"fields": ["\\u041f\\u0440\\u0430\\u0439\\u0441\\u043b\\u0438\\u0442"]}}]	7	26
106	2022-11-08 16:38:23.713108+00	26	admin@admin.com	2	[{"changed": {"fields": ["\\u041b\\u043e\\u0433\\u0438\\u043d Kaspi", "\\u041f\\u0430\\u0440\\u043e\\u043b\\u044c Kaspi", "\\u041a\\u043e\\u043c\\u043f\\u0430\\u043d\\u0438\\u044f Kaspi", "Merchant ID Kaspi"]}}]	7	26
107	2022-11-08 16:40:55.193162+00	26	admin@admin.com	2	[{"changed": {"fields": ["\\u041f\\u0440\\u0430\\u0439\\u0441\\u043b\\u0438\\u0442"]}}]	7	26
108	2022-11-08 16:49:40.289455+00	26	admin@admin.com	2	[{"changed": {"fields": ["\\u041f\\u0440\\u0430\\u0439\\u0441\\u043b\\u0438\\u0442"]}}]	7	26
109	2022-11-08 16:50:11.226508+00	26	admin@admin.com	2	[]	7	26
110	2022-11-08 16:53:26.924031+00	26	admin@admin.com	2	[{"changed": {"fields": ["\\u041f\\u0440\\u0430\\u0439\\u0441\\u043b\\u0438\\u0442"]}}]	7	26
111	2022-11-08 16:57:22.010331+00	26	admin@admin.com	2	[{"changed": {"fields": ["Telegram Id", "\\u041b\\u043e\\u0433\\u0438\\u043d Kaspi", "\\u041f\\u0430\\u0440\\u043e\\u043b\\u044c Kaspi", "\\u041a\\u043e\\u043c\\u043f\\u0430\\u043d\\u0438\\u044f Kaspi", "Merchant ID Kaspi"]}}]	7	26
112	2022-11-10 06:20:12.415173+00	60	nurbol_15@mail.ru	2	[{"changed": {"fields": ["\\u041f\\u0440\\u0430\\u0439\\u0441\\u043b\\u0438\\u0442"]}}]	7	26
113	2022-11-10 06:20:21.034504+00	60	nurbol_15@mail.ru	2	[]	7	26
114	2022-11-10 06:20:40.298812+00	60	nurbol_15@mail.ru	2	[]	7	26
115	2022-11-10 06:20:59.542941+00	60	nurbol_15@mail.ru	2	[]	7	26
116	2022-11-11 04:25:22.364432+00	60	nurbol_15@mail.ru	2	[{"changed": {"fields": ["\\u041f\\u0440\\u0430\\u0439\\u0441\\u043b\\u0438\\u0442"]}}]	7	26
117	2022-11-11 04:25:25.902659+00	60	nurbol_15@mail.ru	2	[]	7	26
118	2022-11-11 04:26:17.357129+00	60	nurbol_15@mail.ru	2	[]	7	26
119	2022-11-11 04:47:44.544205+00	60	nurbol_15@mail.ru	2	[{"changed": {"fields": ["\\u041f\\u0440\\u0430\\u0439\\u0441\\u043b\\u0438\\u0442"]}}]	7	26
120	2022-11-11 04:47:50.143023+00	60	nurbol_15@mail.ru	2	[]	7	26
121	2022-11-11 12:13:44.287739+00	60	nurbol_15@mail.ru	2	[{"changed": {"fields": ["\\u041f\\u0440\\u0430\\u0439\\u0441\\u043b\\u0438\\u0442"]}}]	7	26
122	2022-11-11 16:17:24.350983+00	60	nurbol_15@mail.ru	2	[{"changed": {"fields": ["\\u041f\\u0440\\u0430\\u0439\\u0441\\u043b\\u0438\\u0442"]}}]	7	26
126	2022-11-12 13:05:32.207643+00	60	nurbol_15@mail.ru	2	[]	7	26
127	2022-11-12 15:40:11.484978+00	73	shaykhislamuly@mail.ru	2	[{"changed": {"fields": ["\\u041f\\u0440\\u0430\\u0439\\u0441\\u043b\\u0438\\u0442"]}}]	7	26
128	2022-11-12 15:46:40.694112+00	73	shaykhislamuly@mail.ru	2	[{"changed": {"fields": ["\\u041f\\u0440\\u0430\\u0439\\u0441\\u043b\\u0438\\u0442"]}}]	7	26
129	2022-11-12 15:47:19.509659+00	73	shaykhislamuly@mail.ru	2	[]	7	26
130	2022-11-13 05:25:54.294776+00	73	shaykhislamuly@mail.ru	2	[{"changed": {"fields": ["\\u041f\\u0440\\u0430\\u0439\\u0441\\u043b\\u0438\\u0442"]}}]	7	26
131	2022-11-13 05:26:18.688647+00	73	shaykhislamuly@mail.ru	2	[{"changed": {"fields": ["Telegram Id", "\\u041f\\u0430\\u0440\\u043e\\u043b\\u044c Kaspi", "\\u041a\\u043e\\u043c\\u043f\\u0430\\u043d\\u0438\\u044f Kaspi", "Merchant ID Kaspi"]}}]	7	26
132	2022-11-13 05:26:27.412976+00	73	shaykhislamuly@mail.ru	2	[{"changed": {"fields": ["\\u041f\\u0440\\u0430\\u0439\\u0441\\u043b\\u0438\\u0442 XLSX", "\\u041f\\u0440\\u0430\\u0439\\u0441\\u043b\\u0438\\u0442 XML"]}}]	7	26
133	2022-11-13 05:26:33.45235+00	73	shaykhislamuly@mail.ru	2	[]	7	26
134	2022-11-13 05:26:45.423309+00	73	shaykhislamuly@mail.ru	3		7	26
135	2022-11-13 05:31:31.079581+00	26	admin@admin.com	2	[{"changed": {"fields": ["Telegram Id", "Merchant ID Kaspi"]}}]	7	26
136	2022-11-13 05:34:48.836992+00	60	nurbol_15@mail.ru	2	[{"changed": {"fields": ["\\u041f\\u0440\\u043e\\u043f\\u0443\\u0441\\u043a ID \\u043a\\u043e\\u043c\\u043f\\u0430\\u043d\\u0438\\u0439"]}}]	7	26
137	2022-11-13 16:20:40.822331+00	60	nurbol_15@mail.ru	2	[{"changed": {"fields": ["Last login"]}}]	7	26
138	2022-11-15 16:23:36.524868+00	78	yugai003@yandex.kz	2	[]	7	26
139	2022-11-15 16:25:50.621907+00	78	yugai003@yandex.kz	2	[]	7	26
140	2022-11-15 16:25:59.880815+00	78	yugai003@yandex.kz	2	[]	7	26
141	2022-11-15 16:38:39.321417+00	76	dzhobs.1000@mail.ru	2	[{"changed": {"fields": ["\\u041a\\u043e\\u043c\\u043f\\u0430\\u043d\\u0438\\u044f Kaspi"]}}]	7	26
142	2022-11-15 16:47:18.097825+00	78	yugai003@yandex.kz	2	[{"changed": {"fields": ["\\u041f\\u0440\\u0430\\u0439\\u0441\\u043b\\u0438\\u0442"]}}]	7	26
143	2022-11-15 17:18:16.553731+00	78	yugai003@yandex.kz	2	[{"changed": {"fields": ["\\u041f\\u0440\\u0430\\u0439\\u0441\\u043b\\u0438\\u0442"]}}]	7	26
144	2022-11-16 10:53:14.594946+00	78	yugai003@yandex.kz	2	[{"changed": {"fields": ["\\u041f\\u0440\\u0430\\u0439\\u0441\\u043b\\u0438\\u0442"]}}]	7	26
145	2022-11-16 10:53:20.458179+00	78	yugai003@yandex.kz	2	[]	7	26
146	2022-11-17 08:44:47.379234+00	79	Didar.fmg@mail.ru	2	[{"changed": {"fields": ["Username"]}}]	7	26
147	2022-11-17 12:09:50.457464+00	80	didar.fmg@mail.ru	3		7	26
148	2022-11-17 12:46:19.224528+00	78	yugai003@yandex.kz	2	[{"changed": {"fields": ["\\u041f\\u0440\\u0430\\u0439\\u0441\\u043b\\u0438\\u0442"]}}]	7	26
149	2022-11-17 13:30:01.830882+00	78	yugai003@yandex.kz	2	[{"changed": {"fields": ["Last login", "\\u041f\\u0440\\u0430\\u0439\\u0441\\u043b\\u0438\\u0442"]}}]	7	26
150	2022-11-17 19:57:18.48572+00	77	saule-life@mail.ru	2	[]	7	26
151	2022-11-18 04:18:37.648488+00	78	yugai003@yandex.kz	2	[]	7	26
152	2022-11-18 04:27:39.648527+00	77	saule-life@mail.ru	2	[{"changed": {"fields": ["\\u041f\\u0440\\u0430\\u0439\\u0441\\u043b\\u0438\\u0442"]}}]	7	26
153	2022-11-18 04:28:09.142226+00	78	yugai003@yandex.kz	2	[{"changed": {"fields": ["\\u041f\\u0440\\u0430\\u0439\\u0441\\u043b\\u0438\\u0442"]}}]	7	26
154	2022-11-18 04:29:15.555523+00	81	Velomarket.kz@bk.ru	2	[{"changed": {"fields": ["\\u041f\\u0440\\u0430\\u0439\\u0441\\u043b\\u0438\\u0442"]}}]	7	26
155	2022-11-18 04:32:23.804069+00	79	Didar.fmg@mail.ru	2	[{"changed": {"fields": ["\\u041f\\u0440\\u0430\\u0439\\u0441\\u043b\\u0438\\u0442"]}}]	7	26
156	2022-11-18 04:35:18.603632+00	82	onayl6005@mail.ru	2	[{"changed": {"fields": ["\\u041f\\u0440\\u0430\\u0439\\u0441\\u043b\\u0438\\u0442"]}}]	7	26
157	2022-11-18 04:40:25.727627+00	78	yugai003@yandex.kz	2	[{"changed": {"fields": ["\\u041f\\u0440\\u0430\\u0439\\u0441\\u043b\\u0438\\u0442"]}}]	7	26
158	2022-11-18 05:49:10.218254+00	60	nurbol_15@mail.ru	2	[]	7	26
159	2022-11-18 10:25:32.035029+00	78	yugai003@yandex.kz	2	[{"changed": {"fields": ["\\u041f\\u0440\\u0430\\u0439\\u0441\\u043b\\u0438\\u0442"]}}]	7	26
160	2022-11-18 10:43:39.89138+00	60	nurbol_15@mail.ru	2	[{"changed": {"fields": ["\\u041f\\u0440\\u0430\\u0439\\u0441\\u043b\\u0438\\u0442"]}}]	7	26
161	2022-11-18 14:41:56.879577+00	77	saule-life@mail.ru	2	[{"changed": {"fields": ["\\u0414\\u0430\\u0442\\u0430 \\u0430\\u043a\\u0442\\u0438\\u0432\\u043d\\u043e\\u0441\\u0442\\u0438"]}}]	7	26
162	2022-11-18 14:48:51.987675+00	60	nurbol_15@mail.ru	2	[{"changed": {"fields": ["\\u041f\\u0440\\u0430\\u0439\\u0441\\u043b\\u0438\\u0442"]}}]	7	26
163	2022-11-18 15:05:11.768642+00	81	Velomarket.kz@bk.ru	2	[{"changed": {"fields": ["\\u041f\\u0440\\u0430\\u0439\\u0441\\u043b\\u0438\\u0442"]}}]	7	26
164	2022-11-18 18:05:41.457003+00	82	onayl6005@mail.ru	2	[{"changed": {"fields": ["\\u041f\\u0440\\u0430\\u0439\\u0441\\u043b\\u0438\\u0442"]}}]	7	26
165	2022-11-18 18:44:01.671266+00	82	onayl6005@mail.ru	3		7	26
166	2022-11-18 21:41:06.50105+00	78	yugai003@yandex.kz	2	[]	7	26
167	2022-11-19 17:34:48.910957+00	81	Velomarket.kz@bk.ru	2	[{"changed": {"fields": ["\\u0414\\u0430\\u0442\\u0430 \\u0430\\u043a\\u0442\\u0438\\u0432\\u043d\\u043e\\u0441\\u0442\\u0438"]}}]	7	26
168	2022-11-19 20:16:52.313261+00	78	yugai003@yandex.kz	2	[{"changed": {"fields": ["\\u041f\\u0440\\u0430\\u0439\\u0441\\u043b\\u0438\\u0442"]}}]	7	26
169	2022-11-19 20:35:57.413629+00	77	saule-life@mail.ru	2	[{"changed": {"fields": ["\\u041f\\u0440\\u0430\\u0439\\u0441\\u043b\\u0438\\u0442"]}}]	7	26
170	2022-11-19 20:36:48.8522+00	77	saule-life@mail.ru	2	[]	7	26
171	2022-11-19 20:55:04.748237+00	79	Didar.fmg@mail.ru	2	[{"changed": {"fields": ["\\u0414\\u0430\\u0442\\u0430 \\u0430\\u043a\\u0442\\u0438\\u0432\\u043d\\u043e\\u0441\\u0442\\u0438"]}}]	7	26
172	2022-11-20 08:11:31.710041+00	78	yugai003@yandex.kz	2	[{"changed": {"fields": ["\\u041f\\u0440\\u0430\\u0439\\u0441\\u043b\\u0438\\u0442"]}}]	7	26
173	2022-11-20 11:16:21.517436+00	78	yugai003@yandex.kz	2	[{"changed": {"fields": ["\\u041f\\u0440\\u0430\\u0439\\u0441\\u043b\\u0438\\u0442"]}}]	7	26
174	2022-11-20 11:49:30.009644+00	78	yugai003@yandex.kz	2	[{"changed": {"fields": ["\\u041f\\u0440\\u0430\\u0439\\u0441\\u043b\\u0438\\u0442"]}}]	7	26
175	2022-11-20 19:31:47.850601+00	77	saule-life@mail.ru	2	[{"changed": {"fields": ["\\u041f\\u0440\\u0430\\u0439\\u0441\\u043b\\u0438\\u0442"]}}]	7	26
176	2022-11-20 19:42:07.48425+00	78	yugai003@yandex.kz	2	[{"changed": {"fields": ["\\u041f\\u0440\\u0430\\u0439\\u0441\\u043b\\u0438\\u0442"]}}]	7	26
\.


--
-- Data for Name: django_content_type; Type: TABLE DATA; Schema: public; Owner: priceuser
--

COPY public.django_content_type (id, app_label, model) FROM stdin;
1	admin	logentry
2	auth	permission
3	auth	group
4	contenttypes	contenttype
5	sessions	session
6	main	setting
7	user	user
8	user	subscription
\.


--
-- Data for Name: django_migrations; Type: TABLE DATA; Schema: public; Owner: priceuser
--

COPY public.django_migrations (id, app, name, applied) FROM stdin;
1	contenttypes	0001_initial	2022-09-11 19:42:07.921134+00
2	contenttypes	0002_remove_content_type_name	2022-09-11 19:42:07.935784+00
3	auth	0001_initial	2022-09-11 19:42:08.386829+00
4	auth	0002_alter_permission_name_max_length	2022-09-11 19:42:08.396851+00
5	auth	0003_alter_user_email_max_length	2022-09-11 19:42:08.406806+00
6	auth	0004_alter_user_username_opts	2022-09-11 19:42:08.416727+00
7	auth	0005_alter_user_last_login_null	2022-09-11 19:42:08.426131+00
8	auth	0006_require_contenttypes_0002	2022-09-11 19:42:08.430733+00
9	auth	0007_alter_validators_add_error_messages	2022-09-11 19:42:08.443606+00
10	auth	0008_alter_user_username_max_length	2022-09-11 19:42:08.454487+00
11	auth	0009_alter_user_last_name_max_length	2022-09-11 19:42:08.463985+00
12	auth	0010_alter_group_name_max_length	2022-09-11 19:42:08.474175+00
13	auth	0011_update_proxy_permissions	2022-09-11 19:42:08.484853+00
14	auth	0012_alter_user_first_name_max_length	2022-09-11 19:42:08.495919+00
15	user	0001_initial	2022-09-11 19:42:08.989036+00
16	admin	0001_initial	2022-09-11 19:42:09.167442+00
17	admin	0002_logentry_remove_auto_add	2022-09-11 19:42:09.183531+00
18	admin	0003_logentry_add_action_flag_choices	2022-09-11 19:42:09.203541+00
19	main	0001_initial	2022-09-11 19:42:09.254686+00
20	main	0002_setting_copyright	2022-09-11 19:42:09.264773+00
21	sessions	0001_initial	2022-09-11 19:42:09.418452+00
22	user	0002_auto_20220822_1722	2022-09-11 19:42:09.442859+00
23	user	0003_auto_20220822_1733	2022-09-11 19:42:09.466339+00
24	user	0004_auto_20220822_1745	2022-09-11 19:42:09.599476+00
25	user	0005_subscription	2022-09-11 19:42:09.646482+00
26	user	0006_auto_20220822_1754	2022-09-11 19:42:09.680009+00
27	user	0007_alter_user_active_date	2022-09-11 19:42:09.695937+00
28	user	0008_user_pricelist	2022-09-11 19:42:09.710134+00
29	user	0009_user_pricelist_exclude	2022-09-11 19:42:09.726482+00
30	user	0010_auto_20220910_1915	2022-09-11 19:42:09.763796+00
31	user	0011_user_pricelist_xml	2022-09-11 19:42:09.778758+00
32	user	0012_subscription_free_alter_subscription_price	2022-09-12 15:14:31.604501+00
33	user	0013_remove_subscription_free_user_kaspi_company_and_more	2022-09-13 15:53:26.112429+00
34	user	0014_user_pricelist_xlsx	2022-09-30 12:22:01.589816+00
35	user	0015_user_skip_merchant_id	2022-10-06 06:59:08.267279+00
\.


--
-- Data for Name: django_session; Type: TABLE DATA; Schema: public; Owner: priceuser
--

COPY public.django_session (session_key, session_data, expire_date) FROM stdin;
rntgcmqvm78u3an8s38s2u880n5sh0kf	.eJxVjLsOAiEUBf-F2hDg8rS0328gXB6yaiBZdivjvxuSLbQ9M3PexIdjr_4YefNrIlfCyeV3wxCfuU2QHqHdO4297duKdCr0pIMuPeXX7XT_DmoYddYIMhdADtyC0SAEE1EqLZmR1mEw4CI3RUjQSjqrCjCRdeKIgenMFfl8Aa6iNng:1ogKt7:hvScpEf29Sn67SmM01EzajiMwxB-g2kL4gOntnxw7qg	2022-10-20 07:01:45.18119+00
s37eb57yesz9ufbyy8dow8x16sm09ok0	.eJxVjMsOwiAUBf-FtSGF0gt16d5vINxHpWogKe3K-O_apAvdnpk5LxXTtua4NVnizOqsTK9OvyMmekjZCd9TuVVNtazLjHpX9EGbvlaW5-Vw_w5yavlbd2IluaEPDGjJoucuIIInT8YOPY4IwbiRxRELyuQApgQAIsYFMk69PxjIOJk:1ogOlg:n_IJ_FGSpdpWHmoL1fRdMMn2_P_an9QIuo3uLV_NQds	2022-10-20 11:10:20.760427+00
vq8gjae01m2czobd6ad3wvpdo29tzz2p	.eJxVjMsOwiAURP-FtSG3ULB16d5vIPcBUjWQlHZl_HfbpAvdTeacmbcKuC45rC3OYRJ1Ucar029JyM9YdiIPLPequZZlnkjvij5o07cq8XU93L-DjC1va4vG2gGT-BEQBwNi0BmJxJQ617vIkBLwGSRFx5gYrO9GtgK0hZ7U5wsp4zj_:1oias9:TYsegthcLYVtH7QhQMkSN1fNbVcKpJkwH-qJtwswH5E	2022-10-26 12:30:05.983365+00
thnfbinwmdr1accr2iq92gpxm3t5l85a	.eJxVjDsOwjAQBe_iGlms_6akzxms9a6DA8iR4qRC3B0ipYD2zcx7iYTbWtPWy5ImFhehxOl3y0iP0nbAd2y3WdLc1mXKclfkQbscZi7P6-H-HVTs9VtrZwLDWJgJI_sIOXJRCFkrqyggkjUGGdjoQNYXBw68D_oMgUfvnXh_APuRN9s:1oXWep:0vH82GZL1OMGGBfXjTGo0ODmiW7UfHe7cxYbUGVYsJk	2022-09-25 23:46:35.391169+00
vqcb5565jxnqsjr8k51vhek35lutpcyb	e30:1oiNTR:jRI4Xn_W4QgDCnWUrCAdlG2HbHVVnM00_4dHgYjeO-s	2022-10-25 22:11:41.989147+00
slsq49ficozf6vx6bltb8fk1hvx4nlor	.eJxVjEEOwiAQRe_C2hBgSgsu3fcMhJkBqRqalHZlvLtt0oVu_3vvv0WI21rC1tISJhZXAUZcfkeM9Ez1IPyI9T5Lmuu6TCgPRZ60yXHm9Lqd7t9Bia3stfKghqi1SwqzIp0MOciWAZzXvQUzeCRC6HYjOoPIyqrUM2fw2lMnPl_xaTfJ:1ojrP2:zVHfKqytIXBo-4C1NeoYKsT69SPeQSaMMf4c2HaqHR4	2022-10-30 00:21:16.097768+00
vt746jnw9eapu4bhorpuvaimzb25lpc6	.eJxVjMsOwiAQRf-FtSEwPMq4dO83EB6DVA0kpV0Z_12bdKHbe865L-bDtla_DVr8nNmZSc1Ov2MM6UFtJ_ke2q3z1Nu6zJHvCj_o4Nee6Xk53L-DGkb91i4mYUkXBQASk0JpTYGCYpKJXCSX0QkTIEeDAjUk0haKzMGpMhXr2PsD9oc3uw:1oig4w:VZ6DG6Tjw9Ib3z1143tpbS0o0gYB-rdTYxpdv38q_rk	2022-10-26 18:03:38.673147+00
cy14frkjseacdzfq0hpb739no1qw5ty3	e30:1oiNhU:wnnVrJQtVg-W-Cj4T2CvsuTW4rr97A2_-QtB9gFFPDg	2022-10-25 22:26:12.089171+00
26dmu3umeuxk1vln21m1aejlzkqfc0dd	e30:1oiNo1:RHRJuDCc3Ryn2m41HRQh8QYIZ0qOeh_WwafpskbgxP4	2022-10-25 22:32:57.890923+00
4ci0mvjb9b0b5l8pqpbafq3isvy37u2w	e30:1oiOJ8:KUnooJ2GWRU7im03bfdo5it5226L7DCy3QHvXq49nUs	2022-10-25 23:05:06.483971+00
b8rlvvrv4vrtfth57k0lrzrsz7fsj7ea	e30:1oiOQi:YV2Li4t2YetNfRjDx50QTNhfyBFRVS2sbhOTZCL0uU8	2022-10-25 23:12:56.028825+00
nz852b7d27cxldq9hrnyioshr8xoc73d	e30:1oiUPb:JlCpUxMQ5fAgyi1hHyvnavs3QaeaNfDpStWtSP4O8jI	2022-10-26 05:36:11.883936+00
5ypjkrt4oj5wxjj24t5m533fvafa6kdb	e30:1oiZPx:QGvxbbkemQMXpH5VdqDc7_dMHOzfPiypbJ-8Ca7Gq74	2022-10-26 10:56:53.928782+00
n9c416fylacvwg10f2zswfajo7ulsis3	.eJxVjMsOwiAQRf-FtSHADDB16b7fQHiMUjU0Ke3K-O_apAvd3nPOfYkQt7WGrfMSpiLOQqM4_Y4p5ge3nZR7bLdZ5rmty5TkrsiDdjnOhZ-Xw_07qLHXbw0RjFWJNHmnvU6gimMoGSlbNMoMDLGgJXaYGYxXoF12Fnm4Jk9E4v0B2io27Q:1oigHQ:bM_kxca5qBxJsrc685W0_z2P16_dl3eG7b9t-0qZ7i8	2022-10-26 18:16:32.820798+00
c1yu3wpnd82cjgepvbqg08gn8ra09pz8	e30:1oiZkh:BRxOnZM7Z35A8H98JouXmnUFbtolDS_5a4MKh7O9n8k	2022-10-26 11:18:19.675892+00
29xtqoyf4p1awvkm361c0pkfkcxpt4pm	.eJxVjDEOgzAMRe-SuYoAY0I6ducMyI6dQlslEoGp6t0LEkO7vvf-f5uRtnUat6LLOIu5GkBz-YVM4anpMPKgdM825LQuM9sjsactdsiir9vZ_h1MVKZ97TmKr6llwUYcVFXtAoTa9QiKO8KOOXYaml45BkcxqicPhNJSDxjN5wsdzzkC:1oitE2:Vw4UxTh1CnPZNGIr2D97Z8xOOj9K53aEWprYRtEk-kw	2022-10-27 08:05:54.504263+00
7z5dot9riye474qyybrl85qiq95khkud	.eJxVjMsOwiAQRf-FtSEDMjxcuu83kIEBqZo2Ke3K-O_apAvd3nPOfYlI29ri1ssSRxYXYYw4_Y6J8qNMO-E7TbdZ5nlalzHJXZEH7XKYuTyvh_t30Ki3b10hYK41gLJcEa1TqnIKFqvT52CSsd570AikkQIQFQuAlhWjUg6CeH8A8vI27g:1okjLt:u50qlPzOPQCruf8najBmdooJz7WB2P1RcW2vji9w5XA	2022-11-01 09:57:37.650692+00
qum97ab8vfr9u7l4fuqvfngrmm94ned7	.eJxVjMsOwiAQRf-FtSE4vF267zcQBgapGkhKuzL-uzbpQrf3nHNfLMRtrWEbtIQ5swuTjp1-R4zpQW0n-R7brfPU27rMyHeFH3TwqWd6Xg_376DGUb91kRJ9LCJ7UGQVgPFeaGuUAcQoQUhbEAEcGQE-J30Gab2wKTsiTZq9P-zYN1M:1ojt9m:_8HNzrgZaII4BwM4-HJPdt-7pt-7s3fePPB1F3SsWSg	2022-10-30 02:13:38.269346+00
f1u844nzmsnd3j3kq8eiwep28eua85he	.eJxVjM0OwiAQhN-FsyHhZwU8evcZyLILUjWQlPZkfHfbpAe9Teb7Zt4i4rrUuI48x4nFRYA4_XYJ6ZnbDviB7d4l9bbMU5K7Ig865K1zfl0P9--g4qjbmiwn8IxkC5_RWdCWfXA5MKaiVWEblIdikLcMyWhvgAqxKdmhQhCfLxPKOS8:1oXoDZ:p33BOaz4sjvPX44uW3S2l81BwSyoBAKsBz5edLYiSOk	2022-09-26 18:31:37.029108+00
0434rcparh32r8wmza1sasquckgzz4r2	.eJxVjLsOAiEUBf-F2hDg8rS0328gXB6yaiBZdivjvxuSLbQ9M3PexIdjr_4YefNrIlfCyeV3wxCfuU2QHqHdO4297duKdCr0pIMuPeXX7XT_DmoYddYIMhdADtyC0SAEE1EqLZmR1mEw4CI3RUjQSjqrCjCRdeKIgenMFfl8Aa6iNng:1oXpUc:iNbtft0l0Uc7enmTqnsKSvYVrNF4sDxnd3edHsttcYY	2022-09-26 19:53:18.139177+00
zeqrf8sojxa46jxxfaqo22s3316z6l7g	e30:1ojvyY:PFBU7Nn2qwVKlAgxHdmyzAupM0IzN2nBzhftrNwjakM	2022-10-30 05:14:14.360457+00
k6cahpbatp4vijuha1m9fednfvpf3pvr	.eJxVjEEOwiAQAP_C2RAoLQWP3vsGsuyyUjWQlPZk_Lsh6UGvM5N5iwDHnsPR0hZWElcxzOLyCyPgM5Vu6AHlXiXWsm9rlD2Rp21yqZRet7P9G2RouX8BfGTyoNWs1UAjO28cR7boIWkEq1BNGggZDI-WnTIeENHyhORJfL4wPjmC:1ojvyZ:jjYBg7tb8avUKti67YJVkzz8IeC5m_V1L6od6FMKIfo	2022-10-30 05:14:15.023495+00
fv6ky4z1taw5dp3zm3caotowdk3c4ceg	.eJxVjEEOwiAQAP_C2RAoLQWP3vsGsuyyUjWQlPZk_Lsh6UGvM5N5iwDHnsPR0hZWElcxzOLyCyPgM5Vu6AHlXiXWsm9rlD2Rp21yqZRet7P9G2RouX8BfGTyoNWs1UAjO28cR7boIWkEq1BNGggZDI-WnTIeENHyhORJfL4wPjmC:1ojvyZ:jjYBg7tb8avUKti67YJVkzz8IeC5m_V1L6od6FMKIfo	2022-10-30 05:14:15.795226+00
yzdx3ppymuw3uwhznp419ldsy8n8boev	e30:1ojvya:GwliXJMEUZ0JJyxIZD22lKv6BXVcta8ItMS97TBxyzo	2022-10-30 05:14:16.06758+00
xwmxztoa2hzaji1zelwf0ygxoojazidx	.eJxVjEEOwiAQAP_C2RAoLQWP3vsGsuyyUjWQlPZk_Lsh6UGvM5N5iwDHnsPR0hZWElcxzOLyCyPgM5Vu6AHlXiXWsm9rlD2Rp21yqZRet7P9G2RouX8BfGTyoNWs1UAjO28cR7boIWkEq1BNGggZDI-WnTIeENHyhORJfL4wPjmC:1ojvya:0eJ5ao3_kr1Jq0hiCf15FFpwGEWU-8Y-S4QPZtslQnk	2022-10-30 05:14:16.753089+00
cxzdpl57d5cwxcd97kme15kl6y2zm3wq	e30:1oiaWY:R_YsrM2rztVMA2joNiXACvlk_RiKlJe_bRQFkALuw8g	2022-10-26 12:07:46.92638+00
zkf4pmqgbint7hxyixpmo350h8a163gr	.eJxVjMsOwiAURP-FtSG3ULB16d5vIPcBUjWQlHZl_HfbpAvdTeacmbcKuC45rC3OYRJ1Ucar029JyM9YdiIPLPequZZlnkjvij5o07cq8XU93L-DjC1va4vG2gGT-BEQBwNi0BmJxJQ617vIkBLwGSRFx5gYrO9GtgK0hZ7U5wsp4zj_:1ojfke:IBUQB1oWho-WbXd-_gp8p2oWmzLxrJnirk3nLt068Ds	2022-10-29 11:54:48.895881+00
9yq3fjwnf91ljm6egpv51gevl6pzpiwt	.eJxVjEEOwiAQAP_C2RAoLQWP3vsGsuyyUjWQlPZk_Lsh6UGvM5N5iwDHnsPR0hZWElcxzOLyCyPgM5Vu6AHlXiXWsm9rlD2Rp21yqZRet7P9G2RouX8BfGTyoNWs1UAjO28cR7boIWkEq1BNGggZDI-WnTIeENHyhORJfL4wPjmC:1ojvyb:MSh_a_NPzE4G02KETeiEWpfYwXQ7cIppm0z-aup35HI	2022-10-30 05:14:17.379632+00
4i9vplpoxfdezp6eaq49dhvlvnswblkh	.eJxVjDEOwjAMRe-SGUVJncaBkZ0zVHbs0AJqpaadEHdHkTrA-t97_20G2rdx2KuuwyTmYgDN6Xdkyk-dG5EHzffF5mXe1oltU-xBq70toq_r4f4djFTHVgd2GQEpFcjFnQNJ7ElZO4EIxTN65NKL75IgqOOEEVMk53wJQmA-XyNsOGI:1ojmuA:Ccb0SIK516m9i1vSocdJ_GVRrwjL1kMLge7nDU4YbN0	2022-10-29 19:33:06.422731+00
zustiexq9c92aj6wfkxhn04d399nbtwo	.eJxVjEEOwiAQAP_C2RAoLQWP3vsGsuyyUjWQlPZk_Lsh6UGvM5N5iwDHnsPR0hZWElcxzOLyCyPgM5Vu6AHlXiXWsm9rlD2Rp21yqZRet7P9G2RouX8BfGTyoNWs1UAjO28cR7boIWkEq1BNGggZDI-WnTIeENHyhORJfL4wPjmC:1ojvyc:UHP-a9B2LLIV27V0i-6GazUO8jmbX0z0y26IvHcjAwU	2022-10-30 05:14:18.238897+00
m0muedv4hcga7ogaj9u3v2h0fv5xxu1z	.eJxVjDsOwjAQBe_iGlnxf0NJzxms9XqNA8iR4qRC3B0ipYD2zcx7iYjbWuPWeYlTFmdhrDj9jgnpwW0n-Y7tNkua27pMSe6KPGiX1znz83K4fwcVe_3WxRllPSibdA4KghmSJgAuHpUbrDLEmgL5QuApYBjZQ04IJrMyaXTi_QHu9jfj:1ojwLb:Tbb8z2OqqjaVlQfcs5Hp1MFC2mVDE8lu-5gjoje3MHE	2022-10-30 05:38:03.512635+00
hatstdgz0ay4qzjebwymfz6a7pw0db0h	.eJxVjEEOwiAQRe_C2pAppTB16b5nIDAzStVAUtqV8e7apAvd_vfef6kQtzWHrckSZlZnZTt1-h1TpIeUnfA9llvVVMu6zEnvij5o01NleV4O9-8gx5a_NRoRw_7KVhxaEOolxb4j8MTGEbpkyLnU80BoxbvRAiKyH8DDiAbU-wMc7ze5:1oknmH:fa30szLgDjq4bEfDZLVNGeVupQtz60tDWkmiF-3BXEU	2022-11-01 14:41:09.692158+00
n3hs7lilu1fkq5iydjkswkhl1p51arcq	.eJxVjEEOwiAQRe_C2pAppTB16b5nIDAzStVAUtqV8e7apAvd_vfef6kQtzWHrckSZlZnZTt1-h1TpIeUnfA9llvVVMu6zEnvij5o01NleV4O9-8gx5a_NRoRw_7KVhxaEOolxb4j8MTGEbpkyLnU80BoxbvRAiKyH8DDiAbU-wMc7ze5:1okNFY:JnUzJEeIdMqRO3Qt1olEIqISj29vsoSmicBqEFstxu8	2022-10-31 10:21:36.673493+00
ne2eqfmpv09o0h9uu3mm05wf01gvf819	.eJxVjEEOwiAQRe_C2pAppTB16b5nIDAzStVAUtqV8e7apAvd_vfef6kQtzWHrckSZlZnZTt1-h1TpIeUnfA9llvVVMu6zEnvij5o01NleV4O9-8gx5a_NRoRw_7KVhxaEOolxb4j8MTGEbpkyLnU80BoxbvRAiKyH8DDiAbU-wMc7ze5:1okPV4:Ug8DSlHjE1SeQSXJ9q6_tiz-zWG15aVIo_gVCNgrJfU	2022-10-31 12:45:46.373048+00
fo9evcoyblf22a1vl7vsv2ju1e6zufwy	e30:1okPmE:kekmixoP0Mui6JxQR9LXM3Be580TNE9-fA7GE3QgUAQ	2022-10-31 13:03:30.518475+00
x73wn8h42n5i5i0jm7lc014eeg69vb3l	e30:1okQ8n:kBZC8g7OI3FnMM0BY-RF-iZ71bsmcYQ56qJpKd15BeY	2022-10-31 13:26:49.356492+00
ujsdr5zy6l33mw3b6b6vd9vvpq9a7vn9	e30:1okQDs:hlLD_ZAscbeXObi73TUjnv1trHcbdySjM5Y9Gg9EwS8	2022-10-31 13:32:04.259716+00
ybmt1br0ulp1dwup8atd4rypgsbjuhde	e30:1oklLb:IOqo5JR-b3FvvSEp6E6YjP4q2nVa2KMNTtnq4NYR3V8	2022-11-01 12:05:27.875688+00
ngp180pwlm8gkwgkotgqcsel07e7tcdd	e30:1okmzE:FpTrtvzU-w_4A5-9BLxcIu6NeCw8PPNXxXQEePjJOfA	2022-11-01 13:50:28.15825+00
9ah5tet4nq1eempge0v2svjw7ygtvhkt	.eJxVjMsOwiAQRf-FtSFQhpdL934DGRiQqoGktCvjv2uTLnR7zzn3xQJuaw3byEuYiZ2Z8uz0O0ZMj9x2Qndst85Tb-syR74r_KCDXzvl5-Vw_w4qjvqts3VFJVDSEFohJQhCtJPIIursIiRtfEkkKXpIUVsoXjmjqaDXBszE3h8PoDgT:1ojwdA:Xu-90udo6esjawpZe8ocHvpfZhseO_qKLje8a9gL464	2022-10-30 05:56:12.114726+00
m9je0zs9tkbkgcj37kkqi5tf9n962k1t	.eJxVjMsOwiAQRf-FtSFlSnm4dO83kGEGpGogKe3K-O_apAvd3nPOfYmA21rC1tMSZhZnMWpx-h0j0iPVnfAd661JanVd5ih3RR60y2vj9Lwc7t9BwV6-tUINGb1LxlgyakgMESCSZwIwDnMctM7KkScG8ug0-8kqBzAiWjWJ9wcSbjgD:1ok1sI:xlfl3lgJiYilq9dSn4Wop7M48kP5E5KVc3H_BYeCPTs	2022-10-30 11:32:10.691229+00
26hnyc8cpa45ioa23388h393lrowlqgp	e30:1okhkm:I35hKLlaOOT_YMd0ynVatqMZgqsxAoMWZ5VlSdF3WOA	2022-11-01 08:15:12.825851+00
23pxu10nlyk13nzni0rdfvmjzigb1i3a	e30:1okPmv:MVpCYbvO4cTbVEt1U8hC7RHS-hvPj46yms7DcbaFf0k	2022-10-31 13:04:13.887629+00
javxffyqctcuec5qnr921e7q8arjd0l7	e30:1okQA2:4VTiR7RyCWtGVzYG-qS_QJsNC3ykoWtdMpU5CX3SBEk	2022-10-31 13:28:06.787306+00
kj48s00ly7qwd0boiuhta2im1i8hm39r	.eJxVjDEOwjAMRe-SGUW1owbMyM4ZItd2SAG1UtNOFXenlTrA-t77f3WJl7mkpdqUenVXF8idfmHH8rJhN_rk4TF6GYd56ju_J_6w1d9HtfftaP8OCteyrQEsCjetCaC2F2AlzrnRDCIa8kYiBSAxDa1gx9TQGbMihhAJEN3nCydgOC0:1oktEh:KwH_Ea6Dzgr4LVgE1wgv2RfjjZcu-DTjMqhHWcMKfwI	2022-11-01 20:30:51.381204+00
84rchj23tdi7dduej9d2hwlejokvl05k	e30:1okQdd:y2QmOALlMdRsZv6BVf2Mp_zft7giXTOTNtZs7loBzsY	2022-10-31 13:58:41.407966+00
0swro4712wlad6zzn8s5tbc2viq7ydyh	e30:1oklL2:4Sm0-bubFGk2seNy17auDAVESalO8q3SvmyZNLF0tZU	2022-11-01 12:04:52.705525+00
yd8i4kn1ymhfn13upzccofmdfwh652uf	.eJxVjEEOwiAUBe_C2hDafpC6dO8ZyAM-UjWQlHZlvLsh6UK3M5N5C4d9y25vvLoliougSZx-oUd4cukmPlDuVYZatnXxsifysE3eauTX9Wj_Bhkt928ipRA9eQ8LBcKgtU3nkCwxxaiMCjx5HgkpWIYa2MwwNGHWjFGLzxcxFTkL:1okldk:NwHR-eeS-RcK0n0mI0SoZFuQgkuLhOq9l2ckxl67ECQ	2022-11-01 12:24:12.107291+00
t0yfioay27aud1tcacvcamh1jdu51eml	.eJxVjsEOwiAQRP-FsyHYLVvw6N1vIMsCUjWQlPZk_Hdp0oNe5jDzZjJv4Whbs9taXNwcxEWMSpx-TU_8jGVPwoPKvUquZV1mL3dEHmmTtxri63qwfwOZWu5tNREhcPBJnQGsQdLRdPWMOGokpa0NrC3rBJrSgASDmSxQRAPYX32-As83hQ:1okUDh:AyumAoXKptkCRB0Ma_oLa7tDh_7lG5-SraU_cGPEXuc	2022-10-31 17:48:09.861709+00
klg60pdlx0peas4lbr7ee04s347ota3b	.eJxVjDsOwjAQBe_iGlkxu_5R0nMGy16vcQA5UpxUiLuTSCmgfTPz3iLEdalh7TyHMYuLwEGcfscU6cltJ_kR232SNLVlHpPcFXnQLm9T5tf1cP8Oaux1qyGydsbxuZicovVaozMeNUNRmqwDq8Ajlg1BIq9YGUXKARBl1IMXny_wrjc1:1ol1Hp:Tn8L1YA4KJt1QWX8zAVWt5sPCZBJrk3NtBJxOn-Pcrg	2022-11-02 05:06:37.756545+00
j1p18ykgdmjmd2v6ih31rkgy5r706iok	.eJxVjsEOwiAQRP-FsyHYLVvw6N1vIMsCUjWQlPZk_Hdp0oNe5jDzZjJv4Whbs9taXNwcxEWMSpx-TU_8jGVPwoPKvUquZV1mL3dEHmmTtxri63qwfwOZWu5tNREhcPBJnQGsQdLRdPWMOGokpa0NrC3rBJrSgASDmSxQRAPYX32-As83hQ:1okb9I:nq-wus-2x3wJecJoPy-yqMfd4THiob-mR6j8xWkSOo0	2022-11-01 01:12:04.271098+00
bd30blf35b7dpx6czwbc14a2t21kj2c6	.eJxVjMEOwiAQRP-FsyG0UCgevfcbyO6ySNXQpLQn479Lkx70Npl5894iwL7lsFdewxzFVRgrLr8lAj25HEt8QLkvkpayrTPKA5HnWuW0RH7dTvZPkKHm9h4jOiCVQJmEOhF4zUiDs74lz03knDGpj9qnODrF1JmOtIXBMareiM8XQOM4_A:1ol2pA:8ByD2UGyIHOA62yxTWomvENakWlXMkZRhT131P5ByBw	2022-11-02 06:45:08.309865+00
w5z5covxwc2y4v9nug8iufkv147p9yxn	.eJxVjDsOwjAQBe_iGlle_3Ao6XMGa71e4wBypDipEHeHSCmgfTPzXiLitta4dV7ilMVFWCdOv2NCenDbSb5ju82S5rYuU5K7Ig_a5Thnfl4P9--gYq_fOhlIOShyljyeg7Ee0BuHREBFh8TaB9CsBhdcUAyDy6ZozEWBt4lIvD8CCTf5:1olEGv:cjJrmcP7VNrfcm1a8ir4v_W49f8kOy5ziRGT-cfWNpg	2022-11-02 18:58:33.921021+00
iaio7rgp5jzj37pdq446utay4rzu34d3	.eJxVjEEOwiAQRe_C2hBnhCm4dO8ZyACDVA1NSrsy3l2bdKHb_977LxV4XWpYu8xhzOqsCNThd4ycHtI2ku_cbpNOU1vmMepN0Tvt-jpleV529--gcq_fGvDknXUGMIukQhALeGJjEntCJ4LegDkmK-wIB5SMxWEECzxwIVHvD_WjN90:1oq8nu:eJRmFghxUmzKj-BOnodpn_6-LFRE2tQOVCkrR96gLtc	2022-11-16 08:08:54.71093+00
7ff0d9k0z75qbsifopc0212drqusm7ed	.eJxVjEEOwiAQRe_C2hCgMIJL956BDMMgVUOT0q6MdzckXej2v_f-W0Tctxr3zmucs7gIA-L0OyakJ7dB8gPbfZG0tG2dkxyKPGiXtyXz63q4fwcVex21Lh589pA4gFUeJk2WzqiCK6igcEBbiEmDDRrYO0MOzRSg6CFZ8fkCB2E3wg:1olEuK:__gkGi_P8IohOKDSfkOsI9J6W3baxydBAFMOnyhhOb0	2022-11-02 19:39:16.865966+00
gjbr2r89ui7cnlrvah3fgsbr9drh937q	.eJxVjMsOwiAQRf-FtSEMj1JcuvcbyAAzUjU0Ke3K-O_apAvd3nPOfYmI21rj1mmJUxFnMQRx-h0T5ge1nZQ7ttss89zWZUpyV-RBu7zOhZ6Xw_07qNjrt8akrDNqDGRsyQDGMyBbdgEcWuuyAtaMpoDPGhSaQY-aANiTsjqweH8A95w3YA:1ospS0:xTlecKES4-cQfq7Kgvic9VUfAY1s1CMtzFrR3KotthE	2022-11-23 18:05:24.318155+00
ginzlv0skfu8086pzpcmpmpgksvzrqg7	e30:1olR3m:-TzI6cuPd6t-nbQt3vYQkFPUYdoDqSdWcdX0B9GTXOU	2022-11-03 08:37:50.156747+00
65i8ro2bg5txum0p2mxhfbd4ags9el2x	e30:1olS1h:H6bkl4aIZgcHObfCU9Y0zfE7P3TaS1jYOKy3MoBAxU8	2022-11-03 09:39:45.232032+00
nmk67sjsxd6luxj5suiujceu1ra9uc44	e30:1olS29:bi3uAnnwywzO4Wkta9SlVNJS8dU5K5YrLmYDPC5DexE	2022-11-03 09:40:13.737117+00
hez5fwl317cymq9op67jxr3a68z3622y	e30:1olSIx:lwke-ttOa7FLwJ-zTWtPbz3ZGycFNR86wMk1pepHGm0	2022-11-03 09:57:35.251431+00
02zzqxem7ny3vh7rak2488pm7o894oxb	.eJxVjDkOwjAURO_iGlnf8RYo6XMG6y82CaBEipMKcXewlAK60bw381IJ921Me81rmkRdlOvV6bck5EeeG5E7zrdF8zJv60S6KfqgVQ-L5Of1cP8ORqxjW3skLq5QYWax8Zsg8jkzRSAE46U3QazhANk68J2H7DvpYvQYCpB6fwBOUjjf:1olScN:EsCIc6oj0L8zkaN0cxioXTIfUmomaGUIMLkGO0X3f5M	2022-11-03 10:17:39.438129+00
lt0z7s3fe5vvxw9rtcsxu81h9qwehzc3	.eJxVjDsOwjAQBe_iGln-r6Gk5wzW2rvBAeRIcVIh7k4ipYD2zcx7i4TrUtPaeU4jiYtwXpx-x4zlyW0n9MB2n2SZ2jKPWe6KPGiXt4n4dT3cv4OKvW416GxAwYDsVAnRsyZtoiFgCAGyJUsRisMcifVAHjb7bNGBBW1jVuLzBf3bN4A:1olhJI:5roAYZeob1I6vpdgN3BkjxOBgQhzDKHUClrKcSPldzM	2022-11-04 01:58:56.739867+00
lscxpq5gz8wp12tq7709jgtv6yqit2sa	.eJxVjMsOwiAQRf-FtSFAHzN16d5vIMMMSNVAUtqV8d-1SRe6veec-1KetjX7rcXFz6LOyo3q9DsG4kcsO5E7lVvVXMu6zEHvij5o09cq8Xk53L-DTC1_69h3mBBDYieWxKQUEEjGaGCYOrYyQeCIZkrIyVjhEZwzDgAHIuiDen8AMJk4qQ:1olvTh:WuG9hzkajupJOcwo4wcRqTEDS_CQOtR-I5y8He6A66E	2022-11-04 17:06:37.455692+00
hft6az0fvu9v2oipyi27mu4s24tx07at	.eJxVjEEOwiAQRe_C2hAYpkBduvcMhIFBqoYmpV0Z765NutDtf-_9lwhxW2vYOi9hyuIsEMTpd6SYHtx2ku-x3WaZ5rYuE8ldkQft8jpnfl4O9--gxl6_dQEdHaFhQ46BvVZRA5tsyRdIiAMXhz7RaEerwBtVsCQgawxawgHE-wMJuDei:1omcgE:4gLmINMNofXcK4U6jRRg5uIFU2NIzuRG3L9jVypmUXg	2022-11-06 15:14:26.531722+00
pn49spcz9iz8lx7ega89j6wmj4eiqhji	.eJxVjLsOAiEURP-F2hDgXgJY2vsNhMdFVg0ky25l_Hcl2UKbKeacmRfzYd-q3wetfsnszNCx028ZQ3pQmyTfQ7t1nnrb1iXyqfCDDn7tmZ6Xw_07qGHUuZZWoHVGuBgItDRJmEImo7BFGSoIskAixG8qJB0jKG3QBUBwQgn2_gD6LTdO:1omion:hYixUThluWiGCMDbi7MdwF28OMm8MsIf7nZu3nstu2A	2022-11-06 21:47:41.047618+00
4vvkjbaokq0jjdrdck3hywdpmijahxbq	.eJxVjEsOwjAMBe-SNYoa6jgpS_Y9Q2U7DimgVOpnhbg7VOoCtm9m3ssMtK1l2BadhzGZi8HGnH5HJnlo3Um6U71NVqa6ziPbXbEHXWw_JX1eD_fvoNBSvrWqSEeq4CCDj02k1rM7ozhihwQCSaFlDj6gBuhC9tjkiIGieM5o3h8inDh0:1ovej4:vuk29FPkEExqaGFYHqy9ELQUdNBZ8XAS6zDjAxguufc	2022-12-01 13:14:42.285701+00
iuie81v0dn14znydzdo6pd7btrge60uh	.eJxVjMsOwiAQRf-FtSEM0im4dN9vIFNmkKqBpI-V8d-1SRe6veec-1KRtrXEbZE5TqwuCr06_Y4jpYfUnfCd6q3p1Oo6T6PeFX3QRQ-N5Xk93L-DQkv51sEBsvXOuQyIQg46Q5kxAWMwdO4t8JiwD8JiM2H2BABsrJDP3IF6fwD9iTgz:1osQvN:cBe2Wl5L_nYASz9Svh2OxKNgVyFDGewHyzKJAzuYXH0	2022-11-22 15:54:05.587193+00
if7kg5vt1jgohawwn1ajrki44zajg2rh	.eJxVjEEOwiAQRe_C2hCYMiO4dN8zEGBAqoYmpV0Z765NutDtf-_9l_BhW6vfel78xOIiEMXpd4whPXLbCd9Du80yzW1dpih3RR60y3Hm_Lwe7t9BDb1-a4cWBqaBwRJoqzIyOhu0c5BSiaYYIgXEyqSiI1mdDGqtAIKCeCYU7w_cXzaz:1oopjF:4N9ceoqu0YOggKEiwuWff5fXvpAMcHrwNyOTw6yjnCc	2022-11-12 17:34:41.065771+00
k7bxvjtumi6r0ddz430w2998niptj6a0	.eJxVjEEOwiAQRe_C2hAKFGZcuvcMZAYmUjU0Ke3KeHdt0oVu_3vvv1Siba1p67KkqaizCladfkem_JC2k3Kndpt1ntu6TKx3RR-06-tc5Hk53L-DSr1-6wzRGDAeXHRYcEBrYrBeOFtED5AxcITgRnDgs4jzhcQzhpEHAkfq_QHG7jbe:1oqAUq:JGjb3yCNoz-AEuH2t67G4pdUKbYm5htLHvc6aT9qIcQ	2022-11-16 09:57:20.770838+00
xotctxlpjmohtgvczk1jmw3rjp8f81mc	.eJxVjMsOwiAQRf-FtSFDebt07zeQgQGpGkhKuzL-uzbpQrf3nHNfLOC21rCNvISZ2Jlpw06_Y8T0yG0ndMd26zz1ti5z5LvCDzr4tVN-Xg7376DiqN86SxXBKPJEXgGIyXmr0GoDWUaLSWNJCNIhOk3FeVm8mEhRERpzScDeHwL-OGk:1op8fl:ufT_j1DASXub9l4HaUvL8oFis9iQAzB7q7mdBYccGvU	2022-11-13 13:48:21.684847+00
ub6m3stuvup5nylm3271q7ex8xdpzwij	.eJxVjM0OwiAQhN-FsyFd5Kd49O4zkN0FpGogKe3J-O62SQ96nPm-mbcIuC4lrD3NYYriIuxZnH5LQn6mupP4wHpvkltd5onkrsiDdnlrMb2uh_t3ULCXbY1Ke0CXKQNz9mgIxmSVV9km0JkhR7sFB2AIHQ_sIqPTxtGoBgAlPl8nyzhg:1oqC2G:Hg6NqYjITd13KpEx7lMWKGilPdaLsN_LTKXciKQyCc0	2022-11-16 11:35:56.199579+00
r0ses43we842xqfjdscjs18xljta1x7a	.eJxVjMsOwiAQRf-FtSG0w2Nw6d5vIANMpWogKe3K-O_apAvd3nPOfYlA21rC1nkJcxZn4ZQ4_Y6R0oPrTvKd6q3J1Oq6zFHuijxol9eW-Xk53L-DQr18a68GwMzWONQOpkRIwMp58ICIBkhpIq8Hb631BnmMnDThpLIZyWgU7w_dPDcK:1osxYl:fOknhV3wgNMRvSq7KqlVaCLs0NdKytMA0XTdorkVNtQ	2022-11-24 02:44:55.806188+00
nc4f269vvnw1s9p1p3a94hxehgrh65ru	.eJxVjMsOwiAQRf-FtSEM77p07zcQmAGpGkhKuzL-uzbpQrf3nHNfLMRtrWEbeQkzsTNzwE6_Y4r4yG0ndI_t1jn2ti5z4rvCDzr4tVN-Xg7376DGUb-1oILKJJ3JoLDkNcBUvCfvVLKIKJVWEhwqQGeVL5ANCGklJDJxisjeHwhEN8w:1otSXi:Kyg6sbJipP_NoN0_POP1Vut_m8bmP9wM7o_GZJmJCsQ	2022-11-25 11:49:54.776249+00
ld4vnf4vb1wc75h2xmji7l7evh6vanbb	.eJxVjDsKAjEUAO-SWoL571rae4bwfjGrksB-KvHusrCFtjPDvFWGba15W2TOE6uLCqM6_UIEekrbDT-g3bum3tZ5Qr0n-rCLvnWW1_Vo_wYVlrp_E6coAflMAZP1poiAS4MjY0IoTiyMBMkDOLQw-MKMQhRiihHRFPX5AiR4OSc:1oq54u:4TJhXVvFTg_8MSP7bGDA67ATSkMwxjtCD7M_h5OpbI0	2022-11-16 04:10:12.648474+00
h6m615v71ndfr2y2cwgmrgwdp787srdp	.eJxVjMsOwiAQRf-FtSEMb1y69xvIAINUDU1KuzL-uzbpQrf3nHNfLOK2trgNWuJU2JkZx06_Y8L8oL6Tcsd-m3me-7pMie8KP-jg17nQ83K4fwcNR_vWQjoNwmsSznoDCawLSiuUAKh8EaFKIrSiGvRGQdW1-JxsJqAUQBj2_gDOTjc_:1oq69c:Ytkw6xtZlfF1Tt5bxskLwQDCERnhptXIXunH-gRkwBw	2022-11-16 05:19:08.252668+00
ozufn2l52pgn8j46cjucedq7srniyrnp	.eJxVjMsOwiAQRf-FtSFAmQIu3fsNZIYZbNWUpI-V8d-1SRe6veec-1IZt3XI2yJzHlmdFVh1-h0Jy0OmnfAdp1vTpU3rPJLeFX3QRV8by_NyuH8HAy7Dt0ZDrlKfQhFiTAY6iCgBeldsddE4KSFxInCpSvQ-kO9iDxzEhmQiq_cHFyg39A:1oqDId:oWnYew52yUyEE99cmeMXTvxmvJodI7u2yF36mP9hAPg	2022-11-16 12:56:55.306872+00
yljrf8ebtxet48hi61v8mzcrum4rqyew	.eJxVjEEOwiAQRe_C2hBgaACX7j0DmYGpVA1NSrtqvLs06UK3773_dxFxW0vcGi9xyuIqnBWXX0iYXlwPk59YH7NMc12XieSRyNM2eZ8zv29n-3dQsJW-DkrbkE1iTJBH50CBQRw6Yp8se-W971aDJmQzjISYiaxKwEFDcOLzBRbqOI4:1ottu0:P3zzUp3WO1M4TarAE4TkWegzI-WPFBeQPyU0byMywnw	2022-11-26 17:02:44.944783+00
2dpp2ovpz20ymq57pur0wlxlemvkl4u6	.eJxVjDsOwjAQBe_iGlkbG_yhpOcM1q53jQPIkeKkQtwdIqWA9s3Me6mE61LT2mVOI6uzMk4dfkfC_JC2Eb5ju006T22ZR9Kbonfa9XVieV529--gYq_fOnoACODg6CNm9h5LRhoMRWclgoQQMoslKGyLlCjGBqKTJTMUooLq_QEHcjj3:1otzVy:1G8y0buk9yIe9eUgbrNp00wmsn2dCOLC_gmGNZ2mHx8	2022-11-26 23:02:18.034246+00
qcw8j7los9s53pjyje8gw1cdjwq1n9b1	.eJxVjMsOwiAQRf-FtSEMb1y69xvIAINUDU1KuzL-uzbpQrf3nHNfLOK2trgNWuJU2JkZx06_Y8L8oL6Tcsd-m3me-7pMie8KP-jg17nQ83K4fwcNR_vWQjoNwmsSznoDCawLSiuUAKh8EaFKIrSiGvRGQdW1-JxsJqAUQBj2_gDOTjc_:1oqJ74:op0XBxFttYwEVuFxwlY-F_H0q3y-AbSipVoS7JxCDYA	2022-11-16 19:09:22.798405+00
8y7cdnzl4xspur4rwp735ux34xoc64j8	.eJxVjMEOwiAQRP-FsyHAFhCP3v0GssuCrRpISnsy_rtt0oMe5jLvzbxFxHUZ49rzHCcWF-FBnH5LwvTMdSf8wHpvMrW6zBPJXZEH7fLWOL-uh_t3MGIft3VOQeEAbkjEgQ1YDmZIlixjUKB85lwcaz4bv6UoItQOFCUowWgw4vMFHlI4WQ:1ou4Q2:RkAp6UhuW3o_LOdsDr6xTkd88Pg96X907Byc7IWmz2k	2022-11-27 04:16:30.027414+00
csho7y5tgtkqrswgqas4xciklv7a2aik	.eJxVjMsOwiAQRf-FtSGMMNC6dO83kBkeUjWQlHZl_HdD0oVu7znnvoWnfSt-72n1SxQXgSBOvyNTeKY6SHxQvTcZWt3WheVQ5EG7vLWYXtfD_Tso1MuolbaQciZCNHx2FtkYFdgCMDowisIUk8M5K2SdkEEHZ7SLwGHWMInPFwWPN8I:1oqRn8:koR-ebmWfpWmfDGSyvuqkYB4TtssZTfjzZZI40HgAoI	2022-11-17 04:25:22.417318+00
tgnp3mvxolqx3qnzbyqsnasrgml9u2im	.eJxVjEsOwjAMBe-SNYoa6jgpS_Y9Q2U7DimgVOpnhbg7VOoCtm9m3ssMtK1l2BadhzGZi8HGnH5HJnlo3Um6U71NVqa6ziPbXbEHXWw_JX1eD_fvoNBSvrWqSEeq4CCDj02k1rM7ozhihwQCSaFlDj6gBuhC9tjkiIGieM5o3h8inDh0:1oqWYr:QAUYqF7wbvaAV81HkFBx1Et4uF53J6AW4Fe6-GvFXec	2022-11-17 09:30:57.762287+00
62e2kqho6e9qw8hebyf6dseixafwsi3b	.eJxVjMEOwiAQRP-FsyGssBQ8evcbyC5QqRpISnsy_rtt0oOeJpn3Zt4i0LqUsPY8hymJi0AnTr8lU3zmupP0oHpvMra6zBPLXZEH7fLWUn5dD_fvoFAv23rQ7NLAJjFbx4a1QiIfiXX2KpE921GB1RZBb6EwOucJEBWMAMZn8fkCEYA3ag:1oqXIW:n_jD3rNyzJN61SoHnd6qPj94cqKYQ05Yw-bAI3e2L4g	2022-11-17 10:18:08.008858+00
zz71u7zgne2o4hf2kbsv2dzcjuvszhjv	.eJxVjDkOwjAQRe_iGlle4mUo6TmDNZ7xkABKpCwV4u4QKQW0_733X6rgtvZlW9pcBlZnFYM6_Y4V6dHGnfAdx9ukaRrXeah6V_RBF32duD0vh_t30OPSf2tgF70XIOeDWGtMAhvRinXsJDiTk2EiiJBbRRDO1CAF8JKDdJk69f4A6343nA:1oqYpG:Ycukh7nG3UrneIj6-fDdi9hdHKG54I0wMYcX9VwtWiY	2022-11-17 11:56:02.103524+00
ms6pm9u4ok554gycfpvi6jhjuao45d7n	.eJxVjMEOwiAQRP-FsyGF0gU8evcbyLKsUjWQlPZk_HdL0oMe582beYuA25rD1ngJcxJnAUacfmFEenLpTXpguVdJtazLHGVX5NE2ea2JX5fD_TvI2HJfq8Hp6IxRTI7QKxiMm2Dck0VvWYO3yccdE8DNTFEr0gg48kDaGhKfL-9GN3w:1oqpb6:lFDX6t1456JT4P68_tZLJjp2cGNnq-LxBzk8y2RH-gM	2022-11-18 05:50:32.802862+00
8bgkt8dz6q8224ai8nywh36x8ix2nrqh	.eJxVjMEOwiAQRP-FsyGF0gU8evcbyLKsUjWQlPZk_HdL0oMe582beYuA25rD1ngJcxJnAUacfmFEenLpTXpguVdJtazLHGVX5NE2ea2JX5fD_TvI2HJfq8Hp6IxRTI7QKxiMm2Dck0VvWYO3yccdE8DNTFEr0gg48kDaGhKfL-9GN3w:1oqq5f:ShMPb5KPa4DMzwfS_EXKv40Zsw8qQfZy3MfZ3Vvzzpk	2022-11-18 06:22:07.761325+00
ek98dw0ur5ifhst5d4vsaumwqc0t91fq	.eJxVjDsOwjAQBe_iGlkbx58NJT1nsNbeDQ4gR4qTCnF3iJQC2jcz76UibWuJW5MlTqzOynt1-h0T5YfUnfCd6m3Wea7rMiW9K_qgTV9nluflcP8OCrXyrYkMmER9CAmhG7vRWwFEBNsjgRjk7EIWzy7AwGgcBANsc_JirQyk3h_5kDel:1or0rC:4sLRgeT2hiI_Em0QTnhLITkRz1meH2TEFKZi3sJBQeU	2022-11-18 17:51:54.405579+00
ht6y0spu9p6d0xldou67iqnz8d1qsbsg	.eJxVjDsOwyAQBe9CHSGB13xSps8Z0LILwUkEkrErK3ePLblI2pl5bxMB16WEtac5TCyuwlhx-YUR6ZXqYfiJ9dEktbrMU5RHIk_b5b1xet_O9u-gYC_7WmlAZog6uUh-YE0U45itAkbNg6GdgPbgMo7OMLIFIszakWf2oMTnCzpeOVg:1or0ym:sLTFKs7SY2e8X_yFf9SVVJwEUh_YM1SQWskEKC7JqYI	2022-11-18 17:59:44.516495+00
cdr1pwr45nah8uo0z3gzj5p00knkq64j	.eJxVjMEOwiAQRP-FsyGF0gU8evcbyLKsUjWQlPZk_HdL0oMe582beYuA25rD1ngJcxJnAUacfmFEenLpTXpguVdJtazLHGVX5NE2ea2JX5fD_TvI2HJfq8Hp6IxRTI7QKxiMm2Dck0VvWYO3yccdE8DNTFEr0gg48kDaGhKfL-9GN3w:1orbbj:sVFasZkLvbqll5hVuKa13-cQFA-Ad2ZuffXXo5T6gMc	2022-11-20 09:06:23.993729+00
dgkfwp65cjmoqgyohvmp4ueuatrhq556	.eJxVjDsOwjAQBe_iGln-JruU9JzBWq9tHECOFCcV4u4QKQW0b2beSwTa1hq2npcwJXEWwyBOv2MkfuS2k3Sndpslz21dpih3RR60y-uc8vNyuH8HlXr91jj6wmiSBVUKWiw4Kh-js4pIafZWAyeDNrI1nsAp7wC0B0cmF6NZvD_2_jdO:1os2hV:ci1uTqy4bgCpRNkTyUTRPVIKzsKE9s_nnF6KdUBpBEw	2022-11-21 14:02:09.992727+00
xmhxdzny4pv64xqhv85kxbke3zlimwoe	.eJxVjMEOwiAQRP-FsyEg0KUevfsNZGEXqRpISnsy_rtt0oMeZ96beYuA61LC2nkOE4mLAC9Ov2XE9OS6E3pgvTeZWl3mKcpdkQft8taIX9fD_Tso2Mu2TtobgMRk89kgax5owDgq5Kgck3MWADQYZSjb0W4RSRv0OiI7rbL4fAEbRDg0:1overd:8GtRsfUWgSpTtkoQFZ2wEyQBBisDSllipnX4JOZ5Anw	2022-12-01 13:23:33.145711+00
j9chxuo6dirz67bccjslgarim2cbglmv	.eJxVjDsOwjAQBe_iGllO1l9Kes5grddrHECOFCcV4u4QKQW0b2beS0Tc1hq3zkucsjgLD-L0OyakB7ed5Du22yxpbusyJbkr8qBdXufMz8vh_h1U7PVbo3GGrQvZDuhHNxaTA3tUaGxyHgoRGQjaegspkTMDIyTWoFg5lYsW7w8HijgZ:1owqux:Sf6vljhVpEa_3sEz7_9UuM76nbu54x-WtdvYna5f3jk	2022-12-04 20:27:55.650746+00
bxiij7p8pcms74iaubu3245qxb602s7t	.eJxVjDsOwjAQBe_iGllO1l9Kes5grddrHECOFCcV4u4QKQW0b2beS0Tc1hq3zkucsjgLD-L0OyakB7ed5Du22yxpbusyJbkr8qBdXufMz8vh_h1U7PVbo3GGrQvZDuhHNxaTA3tUaGxyHgoRGQjaegspkTMDIyTWoFg5lYsW7w8HijgZ:1owqzM:n7UjL_j0uI1bsvRAVvV1DUdk9W8r6Vhb_7lyWBpP0FI	2022-12-04 20:32:28.808738+00
24q5qydhifboze4fiqe25wsaj7rb1zdx	.eJxVjDsOwjAQRO_iGlmJs3bWlPQ5g7X2bnAA2VI-FeLuJFIK6Ebz3sxbBdrWHLZF5jCxuioEdfktI6WnlIPwg8q96lTLOk9RH4o-6aKHyvK6ne7fQaYl72vrYWySQQsNd9wLkLfseml4FDLYJbbE3khLHh3a6PZASALoAFpG9fkCDz84Iw:1owrE1:cmbBjgLEZBIM4N71ufeeTPMTpq__Qvns9EPKm6SQxMM	2022-12-04 20:47:37.634964+00
bu4nj20wyvvsgjm62y63a27g829c7u1v	.eJxVjDsOwyAQBe9CHSFYPoKU6XMGtMsnOImwZOzKyt1jJBdJOzPv7Szgttaw9byEKbErc8Auv5AwvnIbJj2xPWYe57YuE_GR8NN2fp9Tft_O9u-gYq9j7chrIm1BWqWMpyShYBIKbZHZRNSiHLB4R9oTeSfE0SsL6AxoBezzBRHSN9Y:1ovfHR:Hh0K7ZWAnQVxh80Z9WteVvMDEr7AHpW4Ct68chCH2Nc	2022-12-01 13:50:13.2338+00
7a3g77h34vte49d0422ji52ya8wm55vo	.eJxVjMEOwiAQRP-FsyEg0KUevfsNZGEXqRpISnsy_rtt0oMeZ96beYuA61LC2nkOE4mLAC9Ov2XE9OS6E3pgvTeZWl3mKcpdkQft8taIX9fD_Tso2Mu2TtobgMRk89kgax5owDgq5Kgck3MWADQYZSjb0W4RSRv0OiI7rbL4fAEbRDg0:1ovrji:kfdMuuk8MhZ0A3cF4HlmyYIpgioxGpatI2KoUMt_-oE	2022-12-02 03:08:14.951439+00
84u5dqc1jfcjnhgcad3paksl9ud0cohj	.eJxVjMEOwiAQRP-FsyEg0KUevfsNZGEXqRpISnsy_rtt0oMeZ96beYuA61LC2nkOE4mLAC9Ov2XE9OS6E3pgvTeZWl3mKcpdkQft8taIX9fD_Tso2Mu2TtobgMRk89kgax5owDgq5Kgck3MWADQYZSjb0W4RSRv0OiI7rbL4fAEbRDg0:1ovsCd:x5cQZ7uJtJfxi4l5cz4lFRfJyIc5q6EfEMrQpX82kOc	2022-12-02 03:38:07.698465+00
1uz6eylwpklzbjx8d32g8buoi5nvsu5v	.eJxVjMsOwiAQRf-FtSEDdMrg0r3fQHgMUjU0Ke3K-O_apAvd3nPOfQkftrX6rfPipyzOwlpx-h1jSA9uO8n30G6zTHNblynKXZEH7fI6Z35eDvfvoIZev7VKCcgo1OTiCJncEJxTwLFAcGgimmRRs9LEXMDCGImpkMkWMWEZxPsD8NQ3kA:1ow8tP:lmv1R7QdhKSkzTXJ6yhixQsIk_F-JTn9CkgryhJv59I	2022-12-02 21:27:23.40334+00
zily34ue7ib8418s0jchygdb9s6dk3ta	.eJxVjDEOAiEQRe9CbQgD7ICW9p6BzADKqoFk2a2Md1eSLbT6yX8v7yUCbWsJW89LmJM4Ca_E4fdkio9cB0l3qrcmY6vrMrMcitxpl5eW8vO8u3-BQr2MLh0nTg6iTsYab3VkIg3olc2ZEQGu2hljktbOI0aevIIMqBj4uyzeH_VoN1g:1ovcud:h7O5VylI_WFo1qMTbdcvi3AOJzQ7MBPQItSc4lj5XxQ	2022-12-01 11:18:31.227154+00
n2iqcuxc4doyc1jpyylq6c37pmre4b8b	.eJxVjDEOAiEQRe9CbQgD7ICW9p6BzADKqoFk2a2Md1eSLbT6yX8v7yUCbWsJW89LmJM4Ca_E4fdkio9cB0l3qrcmY6vrMrMcitxpl5eW8vO8u3-BQr2MLh0nTg6iTsYab3VkIg3olc2ZEQGu2hljktbOI0aevIIMqBj4uyzeH_VoN1g:1ovd0M:ZCnoaxcXZ4RAZmoJCslx-G_g8gI06FEghwYGNTDiV5E	2022-12-01 11:24:26.601112+00
r8fzc4qppzsue70wgyc4m31vwglbvz95	.eJxVjDsOwjAQBe_iGln2rn9LSc8ZrI3t4ABypDipEHeHSCmgfTPzXiLytta49bLEKYuz8FacfseB06O0neQ7t9ss09zWZRrkrsiDdnmdc3leDvfvoHKv3xqhsCVEhOCzT0U5BxAsGgzZKyiKkIxx1oeRXGAdtBoBLJDXhkxm8f4AwoI15g:1ownu5:lG7XfEGJ80SXPzIrZmdXAV98PIzAtUt61xLH1Z-nA0I	2022-12-04 17:14:49.24739+00
\.


--
-- Data for Name: main_setting; Type: TABLE DATA; Schema: public; Owner: priceuser
--

COPY public.main_setting (id, token, tag, copyright) FROM stdin;
1			
\.


--
-- Data for Name: user_subscription; Type: TABLE DATA; Schema: public; Owner: priceuser
--

COPY public.user_subscription (id, title, period, price) FROM stdin;
1	Месяц	30	10000
2	Год	365	100000
3	Бесплатная	3	0
\.


--
-- Data for Name: user_user; Type: TABLE DATA; Schema: public; Owner: priceuser
--

COPY public.user_user (id, password, last_login, is_superuser, username, first_name, last_name, email, is_staff, is_active, date_joined, telegram_id, active, active_date, pricelist, kaspi_login, kaspi_password, pricelist_xml, kaspi_company, kaspi_merchant_id, pricelist_xlsx, skip_merchant_id) FROM stdin;
5	pbkdf2_sha256$390000$a7r6Zki3lSkdo6HW6sTntF$HZgYOlUkZ4Ejz+K0xu9B08GMUBXTINF9Yekq3Mlucxo=	2022-09-12 18:31:37+00	f	deniel			sonisdenbboy@gmail.com	f	t	2022-09-12 14:32:17+00		f	2022-09-15 18:31:39+00								
35	pbkdf2_sha256$390000$pc7a56PATkFfOe84sAH6hr$FWH9ED46RzKhS1irqItJOG9Ldp03KPPVGnicY9R/UGI=	2022-10-13 08:05:54.478005+00	f	kajmullin			kajmullin@yandex.kz	f	t	2022-10-13 08:05:54.031762+00		f	2022-10-16 08:06:14.188663+00								
34	pbkdf2_sha256$390000$vBuGf0j5efQxyBTVFO5UxX$oGrxTu4ES2j5aRgHSQtVuJkaH7NPORAB4KuOQ1zcIs4=	2022-10-16 11:32:10+00	f	Aibek			almaz.zhenisbek@mail.ru	f	f	2022-10-12 14:22:01+00	440569442	f	2022-10-19 04:45:14+00	pricelists/1111111111111_mYqSDBb.xlsx	bm.adilbekov@gmail.com	Aibekaat1993!	pricelists_xml/2022_10_19_03_24_47.xml	Kartina-Almaty	8016003	pricelists_xlsx/pricelists/1111111111111_mYqSDBb.xlsx2022_10_19_03_24_47.xlsx	
57	pbkdf2_sha256$390000$FrmeoTMG71b3r84URXJ2UQ$3ksztYWRgmDvtt6PJxaSa2I8l2p50iFSUGFqPuXi2Ug=	2022-11-02 19:09:22.562918+00	f	Parogas			alexander.ncp@icloud.com	f	t	2022-10-31 06:00:15+00		f	2022-11-05 00:00:00+00	pricelists/hex_TFSmfgR.xlsx	moonshop2@bk.ru		pricelists_xml/2022_11_07_18_25_37.xml	HexTech	12030060	pricelists_xlsx/pricelists/hex_TFSmfgR.xlsx2022_11_07_18_25_37.xlsx	
43	pbkdf2_sha256$390000$NgLrsIulfZH346ExJ5dAQj$UXoUyZDGt52s+gzKQdJOZTh5gAjlrbGmVYdDZRTtqS8=	2022-10-18 12:24:11+00	f	aesdockz			aesdockz@gmail.com	f	t	2022-10-18 08:51:19+00	246183758	f	2022-10-21 00:00:00+00	pricelists/template_aesdockz_1_2.xlsx			pricelists_xml/2022_10_20_10_10_18.xml	Шым Все для Всех	13033009	pricelists_xlsx/pricelists/template_aesdockz_1_2.xlsx2022_10_20_10_10_17.xlsx	
44	pbkdf2_sha256$390000$QHlxCgt7gvla8SrHZ4bnsx$2zMMJS7uTQ1v+YtcSQL82d30bpvV806CRFVfDwri4dc=	2022-10-18 09:57:37.646589+00	f	Rashid Osmanov			RashidOsmanovJim@gmail.com	f	t	2022-10-18 09:57:37.17984+00		f	2022-10-21 09:57:53.487877+00								
40	pbkdf2_sha256$390000$F8yFV98vuzsRQYDoIbLMqr$qCdUl6cWlzuYj8wKW1OlkWYIek4jaDb+TZZblSSa/kI=	2022-10-19 05:06:37.394991+00	f	vegorov			vyacheslav@egorov.com.kz	f	t	2022-10-17 06:14:18+00	538110778	f	2022-10-01 00:00:00+00	pricelists/KaspiPrice_iiUO88B_q174EDz.xlsx	vyacheslav@egorov.com.kz		pricelists_xml/2022_10_19_03_54_42.xml	Шым Все для Всех		pricelists_xlsx/pricelists/KaspiPrice_iiUO88B_q174EDz.xlsx2022_10_20_10_11_07.xlsx	13033009
47	pbkdf2_sha256$390000$jGV3wr83LV8D2grZ5ti6y8$zyZGEjIUoINwMnfKLnMhR+r+eK4gFRgdx9y/Ktrxcg8=	2022-10-19 13:42:47.221048+00	f	940301350385			kusainov.samat@bk.ru	f	t	2022-10-19 13:39:28.696179+00	1627841751	f	2022-10-22 13:39:31.121661+00	pricelists/template_FeelGood_v1.xlsx			pricelists_xml/2022_10_24_17_59_10.xml	FEELGOOD	6268014	pricelists_xlsx/pricelists/template_FeelGood_v1.xlsx2022_10_24_17_59_10.xlsx	
50	pbkdf2_sha256$390000$1flimeTO6VnBq2NV0DVwXc$w7hn5xC+3mL0sa/PmILRpkMU9lj49i7VbOu4ksZd6Iw=	2022-10-24 08:30:13.88775+00	f	Tzamza			Tzamza@gmail.ru	f	t	2022-10-24 08:30:13.62083+00		f	2022-10-27 08:30:16.324537+00								
49	pbkdf2_sha256$390000$ZdfPRnbHoS6WcPSGvJhOAx$HhVxzbPpMoFkm0VG5AWDiA3nVCdagqq44ITGF0ckyxw=	2022-10-23 21:47:41.045941+00	f	zanserikkorganov@gmail.com				f	t	2022-10-23 21:47:40.774001+00		f	2022-10-26 21:48:35.839772+00								
42	pbkdf2_sha256$390000$yGV936b9O7sqduLZoCXk7r$D+WtNyJeZMHU18zfaBvGsOfmMG//CMyWCihcYaMKKgs=	2022-10-23 15:14:26.530024+00	f	Kanat			kanat-sar@mail.ru	f	t	2022-10-18 05:26:44.521579+00		f	2022-10-26 15:14:48.284961+00								
52	pbkdf2_sha256$390000$VdMKg5K1LlzGfza3kOMBjy$3ZfQUEavU8xZh5Y+Tt9KacZVZ2tLaRK+cEHd2B3R/mU=	2022-10-29 08:37:14.331815+00	f	Rustam2910			rustamhuseinov1@gmail.com	f	t	2022-10-29 07:53:55.801057+00	273516957	f	2022-11-01 07:54:17.823142+00	pricelists/test_Madina_1_tovar.xlsx			pricelists_xml/2022_11_01_09_36_53.xml	May Shop	1080008	pricelists_xlsx/pricelists/test_Madina_1_tovar.xlsx2022_11_01_09_36_53.xlsx	
51	pbkdf2_sha256$390000$0sk7Gzerl3VSG4q1mGnrNr$zvmzZ5RDQQxMrD2RrLGx+e4UTiLsfb5fULx2DJkh3iM=	2022-11-03 04:25:22.175852+00	f	nurbek0208@bk.ru			nurbek0208@bk.ru	f	t	2022-10-24 12:24:58.296765+00	85.193.111.246	f	2022-11-05 11:59:39.012695+00	pricelists/прайс_мебель_шкаф_29.10._8_товаров.xlsx	yatay@internet.ru	Yatay1999@	pricelists_xml/2022_11_18_21_38_08.xml	ИП ЯТАЙ	16027035	pricelists_xlsx/pricelists/прайс_мебель_шкаф_29.10._8_товаров.xlsx2022_11_18_21_38_08.xlsx	 ID1
61	pbkdf2_sha256$390000$M48Vb5bjAje3JtQT0nK38S$FUX482W2d6V9AVOPSRrGsC+GUjt53TVmML2rkl2O30s=	2022-11-02 08:08:54.70831+00	f	CANDY SHOP			dj_fly_el_macho@bl.ru	f	t	2022-11-02 08:08:54.435772+00		f	2022-11-06 11:47:42.320276+00								
55	pbkdf2_sha256$390000$ONdc97dp1zEzj5uyDBUpnV$l0CyMTM3Apn2gMHsqSVrFqyuBvvHMEun8fbx4QIFQZc=	2022-10-29 17:34:41.06356+00	f	adilbekov0801			bm.adilbekov@gmail.com	f	t	2022-10-29 17:30:03.265656+00		f	2022-11-01 17:34:49.746286+00	pricelists/22222_k6hcXnW.xlsx	Kartina-Almaty	Aibek1993aat!		Kartina-Almaty	8016003	pricelists_xlsx/pricelists/22222_k6hcXnW.xlsx2022_11_02_09_13_16.xlsx	
59	pbkdf2_sha256$390000$g3j5yteWZSK2id2p0S5EZX$varslSC6NcExPIB1xk9JYhNWEvkTkaKfxyTuQRFRwg8=	2022-11-02 04:10:12.645079+00	f	Роза			Roza.kassenova@gmail.com	f	t	2022-11-02 04:10:12.384554+00		f	2022-11-05 04:10:21.757349+00								
58	pbkdf2_sha256$390000$4cwfNQ675LhAOnD7jKDYYV$507J01vj1Vv48wC1O4gFF+bYqCwAcnmzDZnrynj+j6w=	2022-11-03 10:18:07+00	f	DENIKO			kilometr.8484@mail.ru	f	t	2022-11-01 09:55:43+00		t	2022-12-06 00:00:00+00	pricelists/прайс_нет.xlsx	kilometr.8484@mail.ru	Denis01061984@	pricelists_xml/2022_11_17_13_31_52.xml	DENIKO	3747002	pricelists_xlsx/pricelists/прайс_нет.xlsx2022_11_17_13_31_51.xlsx	
63	pbkdf2_sha256$390000$3PZ01wXxIMp8a51DAem6Xk$YzV5/6mA5QxT2Vo+qGrOy08LgRzXeCOWH3MV0Ua5+IM=	2022-11-02 11:35:56.197621+00	f	Lily			ludmila22andreevna@gmail.com	f	t	2022-11-02 11:35:55.932061+00		f	2022-11-10 09:49:12.904091+00	pricelists/12345_qkhaUFb.xlsx						pricelists_xlsx/pricelists/12345_qkhaUFb.xlsx2022_11_11_04_29_56.xlsx	
56	pbkdf2_sha256$390000$WXZk3XKd62NqJDTQMGkt3w$u892rMCBz8MR34LhIIfupRnwgILcfiKjOSXit/es+hA=	2022-10-30 13:48:21.683301+00	f	ilyavpr			ilyavpr@gmail.com	f	t	2022-10-30 13:48:21.433704+00		f	2022-11-02 13:48:57.063225+00								
62	pbkdf2_sha256$390000$7mHF4opqqM72sgC73NJzvL$t0X940Pi6G0Yr8Iq9Zwja8JUwHPvIK94Hwc3OFAnOSM=	2022-11-02 09:57:20.768869+00	f	kristina.f1			kristina.f1@yandex.ru	f	t	2022-11-02 09:57:20.498939+00		f	2022-11-05 09:57:32.940977+00								
65	pbkdf2_sha256$390000$keKeffhqwk88NMBjLFVZoI$jD26SSM4+G5uC/6OVQaRtBZvpsPUY0PQadYDIivW47Y=	2022-11-03 11:56:02.100873+00	f	Bakhytzhan			dj_fly_el_macho@bk.ru	f	t	2022-11-03 11:50:12.231195+00	437909714	f	2022-11-06 11:50:38.387047+00	pricelists/Прайс_бот_L9l7h7n.xlsx	dj_fly_el_macho@bk.ru	Baha1989isma1999@	pricelists_xml/2022_11_06_14_02_22.xml	CANDY SHOP	6866024	pricelists_xlsx/pricelists/Прайс_бот_L9l7h7n.xlsx2022_11_06_14_02_22.xlsx	
80	pbkdf2_sha256$390000$nASOFqCsduAFrOJLHfUlN9$WrgChH4dgDbr/YTJ6nkyeXON/XTspxUu2EBzGCjHcj0=	2022-11-17 11:24:26.599262+00	f	Didar			didar.fmg@mail.ru	f	t	2022-11-17 11:18:30.950917+00		t	2022-11-20 11:19:02.024895+00	pricelists/Didar.fmgmail.ru__SMART_TIME_прайс_товары_17_11-22.xlsx						pricelists_xlsx/pricelists/Didar.fmgmail.ru__SMART_TIME_прайс_товары_17_11-22.xlsx2022__zMfbBlG.xlsx	
69	pbkdf2_sha256$390000$O1l28OZeu9HCIMnUzUHWmw$IQjCQ6kQN3Y342R/6gaOF0EQKsuSvLOpHds9eCbjsSc=	2022-11-09 18:05:24.313628+00	f	GGG			nigmet.murat14@gmail.com	f	t	2022-11-09 18:02:29.412895+00	1051657972	f	2022-11-12 18:02:44.689017+00		Nigmet.murat14@gmail.com	14.04.2001Nmnm@		TN Matras	11884015		
72	pbkdf2_sha256$390000$R7FZLEvuQzvU1ieVa6Hgjc$InX3yuRoKqyDL1ne941eJq5u1uBa+XibnP6EVKYaYnM=	2022-11-11 12:07:45.725227+00	f	Andrey			362992@gmail.com	f	t	2022-11-11 12:06:39.071328+00		f	2022-11-14 12:06:54.535831+00	pricelists/74_72_1667449697000_4.xlsx						pricelists_xlsx/pricelists/74_72_1667449697000_4.xlsx2022_11_16_12_48_05.xlsx	'
67	pbkdf2_sha256$390000$hkxp5TYs6sRvWxU1swvr8C$1lSucli/EC15sorgYPkROaU6JEvrUi+2XvcyVPWfvGU=	2022-11-04 17:59:44.514664+00	f	videosystem.kz			videosystem.kz@mail.ru	f	t	2022-11-04 17:59:44.222577+00		f	2022-11-07 17:59:58.577093+00								
76	pbkdf2_sha256$390000$OadWZeiTNChUMJF6Dcmn5M$rcGkVcGEK9/bHNjTtab1dKm2WzQsMk/AwNjmEgBrR6A=	2022-11-13 17:42:49+00	f	dzhobs			dzhobs.1000@mail.ru	f	t	2022-11-13 17:36:35+00		f	2022-11-16 00:00:00+00	pricelists/templateZepter_v1_YyMLKjr.xlsx	ibotkz@mail.ru	Salem1311!	pricelists_xml/2022_11_16_18_09_32.xml	ZEPTER PREMIUM	6158005	pricelists_xlsx/pricelists/templateZepter_v1_YyMLKjr.xlsx2022_11_16_18_09_32.xlsx	6158005
68	pbkdf2_sha256$390000$gQyRuNzwQJ7kgP17uBlrV3$DYcodDN2/ep+HWyO5zlvT1JKCuEtOO3S096epNxkLAs=	2022-11-08 15:54:05.462768+00	f	Alex			alexkor2397@gmail.com	f	t	2022-11-08 14:57:02.233444+00		f	2022-11-11 14:57:22.164656+00	pricelists/Пример_заполнения_прайса_price-bot.kz.xlsx	spartakzzz030@gmail.com	Parol101@	pricelists_xml/2022_11_12_12_50_01.xml	ИП КОРОТКОВ	16495405	pricelists_xlsx/pricelists/Пример_заполнения_прайса_price-bot.kz.xlsx2022_11_12_12_50_01.xlsx	
81	pbkdf2_sha256$390000$TRu9v4QBWAQZfWs78w555P$G1x3n0yNeOEjDzatOp4SlPcXDVpGx8UdqzQtR9uIrPU=	2022-11-17 12:58:25+00	f	Velomarket			Velomarket.kz@bk.ru	f	t	2022-11-17 12:55:58+00		t	2022-11-20 12:56:00+00	pricelists/Velomarket_прайс_готовый_18_11.xlsx	Velomarket.kz@bk.ru	Salem1311!	pricelists_xml/2022_11_20_10_41_49.xml	Velomarket	Velomarket	pricelists_xlsx/pricelists/Velomarket_прайс_готовый_18_11.xlsx2022_11_20_10_41_49.xlsx	Velomarket
79	pbkdf2_sha256$390000$CAkP08HdzhoGMp0gcw33RJ$kyrx3pVldEObj8pPKStWvF5eQTAv7HEixIDV42lmakY=	2022-11-17 08:48:11+00	f	Didar.fmg			Didar.fmg@mail.ru	f	t	2022-11-17 08:43:13+00		t	2022-11-20 00:00:00+00	pricelists/SMART_TIME_прайс_готовый_17_11_new.xlsx	Didar.fmg@mail.ru	Salem1311!	pricelists_xml/2022_11_19_23_01_38.xml	SMART TIME	15554642	pricelists_xlsx/pricelists/SMART_TIME_прайс_готовый_17_11_new.xlsx2022_11_19_23_01_38.xlsx	15554642
66	pbkdf2_sha256$390000$Dx7Oe7BEG12FiUAz7xhxEF$6HhCzZhag0QFlGEdcOqB7v27sTa9POrhp3IZqKVex6o=	2022-11-07 14:02:09.98975+00	f	Irato			nurali0119@gmail.com	f	t	2022-11-04 17:51:53.996487+00	rus7073	f	2022-11-10 14:00:39.71783+00								
75	pbkdf2_sha256$390000$hj7pW9UEVEbYfql6j09FWd$t44ijwtXdG8pSIk7dFupRRaOXKX51HPXp0dACBuOK7U=	2022-11-20 17:14:49.113024+00	f	nisefep709@lance7.com			nisefep709@lance7.com	f	t	2022-11-13 16:37:06.901876+00		f	2022-11-16 16:42:01.123934+00	pricelists/rustamhuseinov103yandex.ru.xlsx						pricelists_xlsx/pricelists/rustamhuseinov103yandex.ru.xlsx2022_11_16_18_09_20.xlsx	
70	pbkdf2_sha256$390000$TbfbrTaj04fZQxf89sqANl$jdfFf0RxUZOoixIbfpRaxFbiKTvTpNX3syWoTLkkWHg=	2022-11-10 02:44:55.804438+00	f	Maka			seilovam@mail.ru	f	t	2022-11-10 02:44:55.541309+00		f	2022-11-13 02:45:09.738251+00								
74	pbkdf2_sha256$390000$ZxOagX46GAgNSOXpPuvVzf$Xt/7gghWhhlj5vgmC6ddRPP3d0C5wgP6zbWVCb++/hE=	2022-11-12 17:02:44.942297+00	f	yugai003@yandex.kz			yugai@mass-on.kz	f	t	2022-11-12 17:02:44.629645+00		f	2022-11-15 17:03:10.170434+00								
60	pbkdf2_sha256$390000$bLT5YEPe6ctvjFWolV6uoD$aJx8eATPTMgMNpYOECe+H6gHDY4X8JyiVoP1qYT4g4c=	2022-11-17 13:14:42+00	f	Nur			nurbol_15@mail.ru	f	t	2022-11-02 05:48:28+00	+77055007778	t	2022-12-07 00:00:00+00	pricelists/прайс_люстры_для_загрузки_04.11._21_54_l5gJyjx.xlsx	nurbol_15@mail.ru	QwertyU7272%	pricelists_xml/2022_11_20_21_11_29.xml	SOLAR luminaire	14901099	pricelists_xlsx/pricelists/прайс_люстры_для_загрузки_04.11._21_54_l5gJyjx.xlsx2022_11_2_c9aglwU.xlsx	14901099
26	pbkdf2_sha256$390000$pV0xFQIE3waoXCSkEftw1O$jSBBQE/oZbTr8rCnRElKvLffcQQKgd5B0II6ATUXgrk=	2022-11-19 17:10:14.637485+00	t	admin			admin@admin.com	t	t	2022-10-11 09:55:32+00		t	2023-10-05 00:00:00+00	pricelists/Шаблон_Шым_13.11_КОДЫ_ТОВАРОВ_КАСПИ.xlsx			pricelists_xml/2022_11_20_21_08_34.xml	maxi home	13269014	pricelists_xlsx/pricelists/Шаблон_Шым_13.11_КОДЫ_ТОВАРОВ_КАСПИ.xlsx2022_11_20_21_08_34.xlsx	
78	pbkdf2_sha256$390000$oj1AMl4j5iEeNuTjkRR8Xs$H6cc7YKJY1lAa/xMCkrfrUQNh2hCK5r74gBqDFT7PRk=	2022-11-18 03:38:05+00	f	SOLO			yugai003@yandex.kz	f	t	2022-11-15 11:17:22+00		t	2022-12-18 00:00:00+00	pricelists/SOLO_ВРП_коды_и_SKU_от_19_11_v4_удалил_мин_цены_и_коды_где_было_пусто_mRSOgn_V78vIAW.xlsx	madinakkz15@gmail.com	Salem1311!	pricelists_xml/2022_11_20_20_01_46.xml	SOLO-	1049001	pricelists_xlsx/pricelists/SOLO_ВРП_коды_и_SKU_от_19_11_v4_удалил_мин_цены_и_коды_где_б_Why331F.xlsx	1049001
83	pbkdf2_sha256$390000$4nawVocpGQ9EGzKkhKPj54$MoentS05P4DfzC0Y5F+rMOwQ1Fo9Aw2mRaKXmbOgaFU=	2022-11-20 20:32:28.804842+00	f	Lux			abogof74@gmail.com	f	t	2022-11-20 20:27:55.372454+00		t	2022-11-23 20:28:17.905035+00								
84	pbkdf2_sha256$390000$mypBdnEJ5EAUnVzOuxiqdY$P/Yn5/LcjiH+otj/Y6zDVJ+Sa8PRMtobOlUiOaxLtwM=	2022-11-20 20:47:37.633002+00	f	Shaimxd@gmail.com			Shaimxd@gmail.com	f	t	2022-11-20 20:47:37.332167+00		t	2022-11-23 20:47:47.989133+00								
77	pbkdf2_sha256$390000$yqg4Jd0yEKyhMW0tdylKqG$RG1H0A58hwEm0zNO0JliBgUqCZ3NE2MOJlHZkKLtvPw=	2022-11-18 21:27:22+00	f	Saule-life			saule-life@mail.ru	f	t	2022-11-14 20:09:15+00		t	2022-12-18 10:30:46+00	pricelists/Saule-lifemail.ru_товары_готовый_21_11.xlsx	saule-life@mail.ru	Salem1311!	pricelists_xml/2022_11_20_21_21_15.xml	First_sportshop	3161010	pricelists_xlsx/pricelists/Saule-lifemail.ru_товары_готовый_21_11.xlsx2022_11_20_21_21_14.xlsx	3161010
\.


--
-- Data for Name: user_user_groups; Type: TABLE DATA; Schema: public; Owner: priceuser
--

COPY public.user_user_groups (id, user_id, group_id) FROM stdin;
\.


--
-- Data for Name: user_user_user_permissions; Type: TABLE DATA; Schema: public; Owner: priceuser
--

COPY public.user_user_user_permissions (id, user_id, permission_id) FROM stdin;
\.


--
-- Name: auth_group_id_seq; Type: SEQUENCE SET; Schema: public; Owner: priceuser
--

SELECT pg_catalog.setval('public.auth_group_id_seq', 1, false);


--
-- Name: auth_group_permissions_id_seq; Type: SEQUENCE SET; Schema: public; Owner: priceuser
--

SELECT pg_catalog.setval('public.auth_group_permissions_id_seq', 1, false);


--
-- Name: auth_permission_id_seq; Type: SEQUENCE SET; Schema: public; Owner: priceuser
--

SELECT pg_catalog.setval('public.auth_permission_id_seq', 32, true);


--
-- Name: django_admin_log_id_seq; Type: SEQUENCE SET; Schema: public; Owner: priceuser
--

SELECT pg_catalog.setval('public.django_admin_log_id_seq', 176, true);


--
-- Name: django_content_type_id_seq; Type: SEQUENCE SET; Schema: public; Owner: priceuser
--

SELECT pg_catalog.setval('public.django_content_type_id_seq', 8, true);


--
-- Name: django_migrations_id_seq; Type: SEQUENCE SET; Schema: public; Owner: priceuser
--

SELECT pg_catalog.setval('public.django_migrations_id_seq', 35, true);


--
-- Name: main_setting_id_seq; Type: SEQUENCE SET; Schema: public; Owner: priceuser
--

SELECT pg_catalog.setval('public.main_setting_id_seq', 1, true);


--
-- Name: user_subscription_id_seq; Type: SEQUENCE SET; Schema: public; Owner: priceuser
--

SELECT pg_catalog.setval('public.user_subscription_id_seq', 3, true);


--
-- Name: user_user_groups_id_seq; Type: SEQUENCE SET; Schema: public; Owner: priceuser
--

SELECT pg_catalog.setval('public.user_user_groups_id_seq', 1, false);


--
-- Name: user_user_id_seq; Type: SEQUENCE SET; Schema: public; Owner: priceuser
--

SELECT pg_catalog.setval('public.user_user_id_seq', 84, true);


--
-- Name: user_user_user_permissions_id_seq; Type: SEQUENCE SET; Schema: public; Owner: priceuser
--

SELECT pg_catalog.setval('public.user_user_user_permissions_id_seq', 1, false);


--
-- Name: auth_group auth_group_name_key; Type: CONSTRAINT; Schema: public; Owner: priceuser
--

ALTER TABLE ONLY public.auth_group
    ADD CONSTRAINT auth_group_name_key UNIQUE (name);


--
-- Name: auth_group_permissions auth_group_permissions_group_id_permission_id_0cd325b0_uniq; Type: CONSTRAINT; Schema: public; Owner: priceuser
--

ALTER TABLE ONLY public.auth_group_permissions
    ADD CONSTRAINT auth_group_permissions_group_id_permission_id_0cd325b0_uniq UNIQUE (group_id, permission_id);


--
-- Name: auth_group_permissions auth_group_permissions_pkey; Type: CONSTRAINT; Schema: public; Owner: priceuser
--

ALTER TABLE ONLY public.auth_group_permissions
    ADD CONSTRAINT auth_group_permissions_pkey PRIMARY KEY (id);


--
-- Name: auth_group auth_group_pkey; Type: CONSTRAINT; Schema: public; Owner: priceuser
--

ALTER TABLE ONLY public.auth_group
    ADD CONSTRAINT auth_group_pkey PRIMARY KEY (id);


--
-- Name: auth_permission auth_permission_content_type_id_codename_01ab375a_uniq; Type: CONSTRAINT; Schema: public; Owner: priceuser
--

ALTER TABLE ONLY public.auth_permission
    ADD CONSTRAINT auth_permission_content_type_id_codename_01ab375a_uniq UNIQUE (content_type_id, codename);


--
-- Name: auth_permission auth_permission_pkey; Type: CONSTRAINT; Schema: public; Owner: priceuser
--

ALTER TABLE ONLY public.auth_permission
    ADD CONSTRAINT auth_permission_pkey PRIMARY KEY (id);


--
-- Name: django_admin_log django_admin_log_pkey; Type: CONSTRAINT; Schema: public; Owner: priceuser
--

ALTER TABLE ONLY public.django_admin_log
    ADD CONSTRAINT django_admin_log_pkey PRIMARY KEY (id);


--
-- Name: django_content_type django_content_type_app_label_model_76bd3d3b_uniq; Type: CONSTRAINT; Schema: public; Owner: priceuser
--

ALTER TABLE ONLY public.django_content_type
    ADD CONSTRAINT django_content_type_app_label_model_76bd3d3b_uniq UNIQUE (app_label, model);


--
-- Name: django_content_type django_content_type_pkey; Type: CONSTRAINT; Schema: public; Owner: priceuser
--

ALTER TABLE ONLY public.django_content_type
    ADD CONSTRAINT django_content_type_pkey PRIMARY KEY (id);


--
-- Name: django_migrations django_migrations_pkey; Type: CONSTRAINT; Schema: public; Owner: priceuser
--

ALTER TABLE ONLY public.django_migrations
    ADD CONSTRAINT django_migrations_pkey PRIMARY KEY (id);


--
-- Name: django_session django_session_pkey; Type: CONSTRAINT; Schema: public; Owner: priceuser
--

ALTER TABLE ONLY public.django_session
    ADD CONSTRAINT django_session_pkey PRIMARY KEY (session_key);


--
-- Name: main_setting main_setting_pkey; Type: CONSTRAINT; Schema: public; Owner: priceuser
--

ALTER TABLE ONLY public.main_setting
    ADD CONSTRAINT main_setting_pkey PRIMARY KEY (id);


--
-- Name: user_subscription user_subscription_pkey; Type: CONSTRAINT; Schema: public; Owner: priceuser
--

ALTER TABLE ONLY public.user_subscription
    ADD CONSTRAINT user_subscription_pkey PRIMARY KEY (id);


--
-- Name: user_user_groups user_user_groups_pkey; Type: CONSTRAINT; Schema: public; Owner: priceuser
--

ALTER TABLE ONLY public.user_user_groups
    ADD CONSTRAINT user_user_groups_pkey PRIMARY KEY (id);


--
-- Name: user_user_groups user_user_groups_user_id_group_id_bb60391f_uniq; Type: CONSTRAINT; Schema: public; Owner: priceuser
--

ALTER TABLE ONLY public.user_user_groups
    ADD CONSTRAINT user_user_groups_user_id_group_id_bb60391f_uniq UNIQUE (user_id, group_id);


--
-- Name: user_user user_user_pkey; Type: CONSTRAINT; Schema: public; Owner: priceuser
--

ALTER TABLE ONLY public.user_user
    ADD CONSTRAINT user_user_pkey PRIMARY KEY (id);


--
-- Name: user_user_user_permissions user_user_user_permissions_pkey; Type: CONSTRAINT; Schema: public; Owner: priceuser
--

ALTER TABLE ONLY public.user_user_user_permissions
    ADD CONSTRAINT user_user_user_permissions_pkey PRIMARY KEY (id);


--
-- Name: user_user_user_permissions user_user_user_permissions_user_id_permission_id_64f4d5b8_uniq; Type: CONSTRAINT; Schema: public; Owner: priceuser
--

ALTER TABLE ONLY public.user_user_user_permissions
    ADD CONSTRAINT user_user_user_permissions_user_id_permission_id_64f4d5b8_uniq UNIQUE (user_id, permission_id);


--
-- Name: user_user user_user_username_key; Type: CONSTRAINT; Schema: public; Owner: priceuser
--

ALTER TABLE ONLY public.user_user
    ADD CONSTRAINT user_user_username_key UNIQUE (username);


--
-- Name: auth_group_name_a6ea08ec_like; Type: INDEX; Schema: public; Owner: priceuser
--

CREATE INDEX auth_group_name_a6ea08ec_like ON public.auth_group USING btree (name varchar_pattern_ops);


--
-- Name: auth_group_permissions_group_id_b120cbf9; Type: INDEX; Schema: public; Owner: priceuser
--

CREATE INDEX auth_group_permissions_group_id_b120cbf9 ON public.auth_group_permissions USING btree (group_id);


--
-- Name: auth_group_permissions_permission_id_84c5c92e; Type: INDEX; Schema: public; Owner: priceuser
--

CREATE INDEX auth_group_permissions_permission_id_84c5c92e ON public.auth_group_permissions USING btree (permission_id);


--
-- Name: auth_permission_content_type_id_2f476e4b; Type: INDEX; Schema: public; Owner: priceuser
--

CREATE INDEX auth_permission_content_type_id_2f476e4b ON public.auth_permission USING btree (content_type_id);


--
-- Name: django_admin_log_content_type_id_c4bce8eb; Type: INDEX; Schema: public; Owner: priceuser
--

CREATE INDEX django_admin_log_content_type_id_c4bce8eb ON public.django_admin_log USING btree (content_type_id);


--
-- Name: django_admin_log_user_id_c564eba6; Type: INDEX; Schema: public; Owner: priceuser
--

CREATE INDEX django_admin_log_user_id_c564eba6 ON public.django_admin_log USING btree (user_id);


--
-- Name: django_session_expire_date_a5c62663; Type: INDEX; Schema: public; Owner: priceuser
--

CREATE INDEX django_session_expire_date_a5c62663 ON public.django_session USING btree (expire_date);


--
-- Name: django_session_session_key_c0390e0f_like; Type: INDEX; Schema: public; Owner: priceuser
--

CREATE INDEX django_session_session_key_c0390e0f_like ON public.django_session USING btree (session_key varchar_pattern_ops);


--
-- Name: user_user_groups_group_id_c57f13c0; Type: INDEX; Schema: public; Owner: priceuser
--

CREATE INDEX user_user_groups_group_id_c57f13c0 ON public.user_user_groups USING btree (group_id);


--
-- Name: user_user_groups_user_id_13f9a20d; Type: INDEX; Schema: public; Owner: priceuser
--

CREATE INDEX user_user_groups_user_id_13f9a20d ON public.user_user_groups USING btree (user_id);


--
-- Name: user_user_user_permissions_permission_id_ce49d4de; Type: INDEX; Schema: public; Owner: priceuser
--

CREATE INDEX user_user_user_permissions_permission_id_ce49d4de ON public.user_user_user_permissions USING btree (permission_id);


--
-- Name: user_user_user_permissions_user_id_31782f58; Type: INDEX; Schema: public; Owner: priceuser
--

CREATE INDEX user_user_user_permissions_user_id_31782f58 ON public.user_user_user_permissions USING btree (user_id);


--
-- Name: user_user_username_e2bdfe0c_like; Type: INDEX; Schema: public; Owner: priceuser
--

CREATE INDEX user_user_username_e2bdfe0c_like ON public.user_user USING btree (username varchar_pattern_ops);


--
-- Name: auth_group_permissions auth_group_permissio_permission_id_84c5c92e_fk_auth_perm; Type: FK CONSTRAINT; Schema: public; Owner: priceuser
--

ALTER TABLE ONLY public.auth_group_permissions
    ADD CONSTRAINT auth_group_permissio_permission_id_84c5c92e_fk_auth_perm FOREIGN KEY (permission_id) REFERENCES public.auth_permission(id) DEFERRABLE INITIALLY DEFERRED;


--
-- Name: auth_group_permissions auth_group_permissions_group_id_b120cbf9_fk_auth_group_id; Type: FK CONSTRAINT; Schema: public; Owner: priceuser
--

ALTER TABLE ONLY public.auth_group_permissions
    ADD CONSTRAINT auth_group_permissions_group_id_b120cbf9_fk_auth_group_id FOREIGN KEY (group_id) REFERENCES public.auth_group(id) DEFERRABLE INITIALLY DEFERRED;


--
-- Name: auth_permission auth_permission_content_type_id_2f476e4b_fk_django_co; Type: FK CONSTRAINT; Schema: public; Owner: priceuser
--

ALTER TABLE ONLY public.auth_permission
    ADD CONSTRAINT auth_permission_content_type_id_2f476e4b_fk_django_co FOREIGN KEY (content_type_id) REFERENCES public.django_content_type(id) DEFERRABLE INITIALLY DEFERRED;


--
-- Name: django_admin_log django_admin_log_content_type_id_c4bce8eb_fk_django_co; Type: FK CONSTRAINT; Schema: public; Owner: priceuser
--

ALTER TABLE ONLY public.django_admin_log
    ADD CONSTRAINT django_admin_log_content_type_id_c4bce8eb_fk_django_co FOREIGN KEY (content_type_id) REFERENCES public.django_content_type(id) DEFERRABLE INITIALLY DEFERRED;


--
-- Name: django_admin_log django_admin_log_user_id_c564eba6_fk_user_user_id; Type: FK CONSTRAINT; Schema: public; Owner: priceuser
--

ALTER TABLE ONLY public.django_admin_log
    ADD CONSTRAINT django_admin_log_user_id_c564eba6_fk_user_user_id FOREIGN KEY (user_id) REFERENCES public.user_user(id) DEFERRABLE INITIALLY DEFERRED;


--
-- Name: user_user_groups user_user_groups_group_id_c57f13c0_fk_auth_group_id; Type: FK CONSTRAINT; Schema: public; Owner: priceuser
--

ALTER TABLE ONLY public.user_user_groups
    ADD CONSTRAINT user_user_groups_group_id_c57f13c0_fk_auth_group_id FOREIGN KEY (group_id) REFERENCES public.auth_group(id) DEFERRABLE INITIALLY DEFERRED;


--
-- Name: user_user_groups user_user_groups_user_id_13f9a20d_fk_user_user_id; Type: FK CONSTRAINT; Schema: public; Owner: priceuser
--

ALTER TABLE ONLY public.user_user_groups
    ADD CONSTRAINT user_user_groups_user_id_13f9a20d_fk_user_user_id FOREIGN KEY (user_id) REFERENCES public.user_user(id) DEFERRABLE INITIALLY DEFERRED;


--
-- Name: user_user_user_permissions user_user_user_permi_permission_id_ce49d4de_fk_auth_perm; Type: FK CONSTRAINT; Schema: public; Owner: priceuser
--

ALTER TABLE ONLY public.user_user_user_permissions
    ADD CONSTRAINT user_user_user_permi_permission_id_ce49d4de_fk_auth_perm FOREIGN KEY (permission_id) REFERENCES public.auth_permission(id) DEFERRABLE INITIALLY DEFERRED;


--
-- Name: user_user_user_permissions user_user_user_permissions_user_id_31782f58_fk_user_user_id; Type: FK CONSTRAINT; Schema: public; Owner: priceuser
--

ALTER TABLE ONLY public.user_user_user_permissions
    ADD CONSTRAINT user_user_user_permissions_user_id_31782f58_fk_user_user_id FOREIGN KEY (user_id) REFERENCES public.user_user(id) DEFERRABLE INITIALLY DEFERRED;


--
-- PostgreSQL database dump complete
--

